post_id,title,slug,post_url,category,date,source_url,source_tar_path,source_size_mb,article_image,article_width,article_height,article_size_mb,thumb_image,thumb_width,thumb_height,thumb_size_mb
6806,Spust u jamu,6806,novosti/6806.html,Speleoškola,28.04.2026.,https://sovelebit.wordpress.com/wp-content/uploads/2026/04/grupno-crtanje_klara-krsticevic.jpg?w=810,2026/04/grupno-crtanje_klara-krsticevic.jpg,0.804,assets/legacy-wordpress-featured/2026/04/6806-6806.webp,1200,1600,0.18,assets/legacy-wordpress-thumbs/2026/04/6806-6806.webp,480,640,0.038
6783,Prvo špiljarenje,6783,novosti/6783.html,Speleoškola,06.04.2026.,https://sovelebit.wordpress.com/wp-content/uploads/2026/04/blatni-skolarci_gorana-peric.jpg?w=1080,2026/04/blatni-skolarci_gorana-peric.jpg,0.651,assets/legacy-wordpress-featured/2026/04/6783-6783.webp,1600,901,0.385,assets/legacy-wordpress-thumbs/2026/04/6783-6783.webp,640,360,0.061
6702,Novi Velebiten!,novi-velebiten-4,novosti/novi-velebiten-4.html,Novosti,15.12.2025.,https://sovelebit.wordpress.com/wp-content/uploads/2025/12/sadrzaj.jpg?w=1080,2025/12/sadrzaj.jpg,3.788,assets/legacy-wordpress-featured/2025/12/6702-novi-velebiten-4.webp,1600,1131,0.149,assets/legacy-wordpress-thumbs/2025/12/6702-novi-velebiten-4.webp,640,452,0.03
6639,Mamet Inspirirajući,mamet-inspirirajuci,novosti/mamet-inspirirajuci.html,Novosti,29.10.2025.,https://sovelebit.wordpress.com/wp-content/uploads/2025/10/mamet_2025_1.jpg?w=810,2025/10/mamet_2025_1.jpg,1.794,assets/legacy-wordpress-featured/2025/10/6639-mamet-inspirirajuci.webp,1200,1600,0.583,assets/legacy-wordpress-thumbs/2025/10/6639-mamet-inspirirajuci.webp,480,640,0.085
6543,Najbolji dan u životu,najbolji-dan-u-zivotu,novosti/najbolji-dan-u-zivotu.html,Istraživanja,04.09.2025.,https://sovelebit.wordpress.com/wp-content/uploads/2021/04/001-munizaba_foto_d_baksic_-ulaz.jpg?w=748,2021/04/001-munizaba_foto_d_baksic_-ulaz.jpg,0.132,assets/legacy-wordpress-featured/2021/04/6543-najbolji-dan-u-zivotu.webp,1024,768,0.051,assets/legacy-wordpress-thumbs/2021/04/6543-najbolji-dan-u-zivotu.webp,640,480,0.018
6504,Bez soma nema doma,bez-soma-nema-doma,novosti/bez-soma-nema-doma.html,Istraživanja,16.07.2025.,https://sovelebit.wordpress.com/wp-content/uploads/2025/07/gotov-film.jpg?w=1080,2025/07/gotov-film.jpg,0.57,assets/legacy-wordpress-featured/2025/07/6504-bez-soma-nema-doma.webp,1600,1060,0.168,assets/legacy-wordpress-thumbs/2025/07/6504-bez-soma-nema-doma.webp,640,424,0.024
6470,Suze radosnice u Munižabi,suze-radosnice-u-munizabi,novosti/suze-radosnice-u-munizabi.html,Istraživanja,03.06.2025.,https://sovelebit.wordpress.com/wp-content/uploads/2025/06/00-nesudeni-pit-stop-autor-ivona.jpeg?w=748,2025/06/00-nesudeni-pit-stop-autor-ivona.jpeg,0.178,assets/legacy-wordpress-featured/2025/06/6470-suze-radosnice-u-munizabi.webp,1600,901,0.151,assets/legacy-wordpress-thumbs/2025/06/6470-suze-radosnice-u-munizabi.webp,640,360,0.03
6433,Suze u Munižabi,suze-u-munizabi,novosti/suze-u-munizabi.html,Istraživanja,16.05.2025.,https://sovelebit.wordpress.com/wp-content/uploads/2025/05/1000080601.jpg?w=748,2025/05/1000080601.jpg,0.154,assets/legacy-wordpress-featured/2025/05/6433-suze-u-munizabi.webp,1600,1204,0.114,assets/legacy-wordpress-thumbs/2025/05/6433-suze-u-munizabi.webp,640,481,0.022
6417,Uskršnje lidarke,uskrsnje-lidarke,novosti/uskrsnje-lidarke.html,Istraživanja,05.05.2025.,https://sovelebit.wordpress.com/wp-content/uploads/2025/05/lidarke-1.jpg?w=488,2025/05/lidarke-1.jpg,0.165,assets/legacy-wordpress-featured/2025/05/6417-uskrsnje-lidarke.webp,488,867,0.184,assets/legacy-wordpress-thumbs/2025/05/6417-uskrsnje-lidarke.webp,360,640,0.081
6412,Istraživanja na Gubačkom vrhu,6412,novosti/6412.html,Istraživanja,30.04.2025.,https://sovelebit.wordpress.com/wp-content/uploads/2025/04/gubacki-vrh-2025.jpg?w=1080,2025/04/gubacki-vrh-2025.jpg,1.409,assets/legacy-wordpress-featured/2025/04/6412-6412.webp,1600,1200,0.543,assets/legacy-wordpress-thumbs/2025/04/6412-6412.webp,640,480,0.094
6366,Camino de Studena,camino-de-studena,novosti/camino-de-studena.html,Novosti,08.04.2025.,https://sovelebit.wordpress.com/wp-content/uploads/2025/04/studena-2_dragana.jpg?w=499,2025/04/studena-2_dragana.jpg,1.476,assets/legacy-wordpress-featured/2025/04/6366-camino-de-studena.webp,738,1600,0.16,assets/legacy-wordpress-thumbs/2025/04/6366-camino-de-studena.webp,295,640,0.022
6329,Norenje u Ponorcu,norenje-u-ponorcu,novosti/norenje-u-ponorcu.html,Novosti,07.04.2025.,https://sovelebit.wordpress.com/wp-content/uploads/2025/04/cug-koji-nikad-ne-kasni-mikic-t.jpg?w=1080,2025/04/cug-koji-nikad-ne-kasni-mikic-t.jpg,0.922,assets/legacy-wordpress-featured/2025/04/6329-norenje-u-ponorcu.webp,1600,1066,0.064,assets/legacy-wordpress-thumbs/2025/04/6329-norenje-u-ponorcu.webp,640,426,0.018
6303,"(Op!) Žica, žica, žica... & 55. školica",op-zica-zica-zica-55-skolica,novosti/op-zica-zica-zica-55-skolica.html,Speleoškola,24.03.2025.,https://sovelebit.wordpress.com/wp-content/uploads/2025/03/zica_55_3_ana-marija.jpg?w=1080,2025/03/zica_55_3_ana-marija.jpg,1.416,assets/legacy-wordpress-featured/2025/03/6303-op-zica-zica-zica-55-skolica.webp,1600,720,0.222,assets/legacy-wordpress-thumbs/2025/03/6303-op-zica-zica-zica-55-skolica.webp,640,288,0.037
6277,Počelo je! (55. školica SOV),pocelo-je,novosti/pocelo-je.html,Speleoškola,20.03.2025.,https://sovelebit.wordpress.com/wp-content/uploads/2025/03/tounj-2_petra.jpg?w=1080,2025/03/tounj-2_petra.jpg,6.491,assets/legacy-wordpress-featured/2025/03/6277-pocelo-je.webp,1600,1204,0.733,assets/legacy-wordpress-thumbs/2025/03/6277-pocelo-je.webp,640,481,0.098
6260,Kombi u snijegu,kombi-u-snijegu,novosti/kombi-u-snijegu.html,Istraživanja,13.03.2025.,https://sovelebit.wordpress.com/wp-content/uploads/2025/03/dragana-vjezba-busenje-mislav-sajko.jpeg?w=810,2025/03/dragana-vjezba-busenje-mislav-sajko.jpeg,0.425,assets/legacy-wordpress-featured/2025/03/6260-kombi-u-snijegu.webp,1200,1600,0.427,assets/legacy-wordpress-thumbs/2025/03/6260-kombi-u-snijegu.webp,480,640,0.084
6234,Bocnuli smo Bocinu!,bocnuli-smo-bocinu,novosti/bocnuli-smo-bocinu.html,Istraživanja,26.02.2025.,https://sovelebit.wordpress.com/wp-content/uploads/2025/02/bocina-jama-21.-22.02-1.jpeg?w=1080,2025/02/bocina-jama-21.-22.02-1.jpeg,0.207,assets/legacy-wordpress-featured/2025/02/6234-bocnuli-smo-bocinu.webp,1600,900,0.065,assets/legacy-wordpress-thumbs/2025/02/6234-bocnuli-smo-bocinu.webp,640,360,0.018
6216,Kalnička škljizancija,kalnicka-skljizancija,novosti/kalnicka-skljizancija.html,Istraživanja,27.01.2025.,https://sovelebit.wordpress.com/wp-content/uploads/2025/01/ekipa.jpg?w=1080,2025/01/ekipa.jpg,0.13,assets/legacy-wordpress-featured/2025/01/6216-kalnicka-skljizancija.webp,1122,495,0.067,assets/legacy-wordpress-thumbs/2025/01/6216-kalnicka-skljizancija.webp,640,282,0.024
6208,Velebiten br. 58,velebiten-br-58,novosti/velebiten-br-58.html,Novosti,22.01.2025.,https://sovelebit.wordpress.com/wp-content/uploads/2025/01/velebiten-58_naslovna.jpg?w=748,2025/01/velebiten-58_naslovna.jpg,2.509,assets/legacy-wordpress-featured/2025/01/6208-velebiten-br-58.webp,1130,1600,0.112,assets/legacy-wordpress-thumbs/2025/01/6208-velebiten-br-58.webp,452,640,0.027
6138,Put ka Novoj 2025.,6138,novosti/6138.html,Novosti,08.01.2025.,https://sovelebit.wordpress.com/wp-content/uploads/2025/01/slika-1.-ratkovo-skloniste-nova-2025.-godina.jpg?w=489,2025/01/slika-1.-ratkovo-skloniste-nova-2025.-godina.jpg,0.964,assets/legacy-wordpress-featured/2025/01/6138-6138.webp,725,1600,0.299,assets/legacy-wordpress-thumbs/2025/01/6138-6138.webp,290,640,0.045
6107,55. speleološka škola - prijave,55-speleoloska-skola-prijave,novosti/55-speleoloska-skola-prijave.html,Novosti,02.01.2025.,https://sovelebit.wordpress.com/wp-content/uploads/2025/01/fb-cover-55.-zg-speleo-skola-sov.png?w=851,2025/01/fb-cover-55.-zg-speleo-skola-sov.png,0.319,assets/legacy-wordpress-featured/2025/01/6107-55-speleoloska-skola-prijave.webp,851,315,0.042,assets/legacy-wordpress-thumbs/2025/01/6107-55-speleoloska-skola-prijave.webp,640,236,0.021
6073,Prvi BuBu (Buk Buvljak) & Božićna radionica,prvi-bubu-bukbuvljak-bozicna-radionica,novosti/prvi-bubu-bukbuvljak-bozicna-radionica.html,Novosti,12.12.2024.,https://sovelebit.wordpress.com/wp-content/uploads/2024/12/logo-sivoplava-pozadina-right-side-book.jpg?w=1011,2024/12/logo-sivoplava-pozadina-right-side-book.jpg,0.027,assets/legacy-wordpress-featured/2024/12/6073-prvi-bubu-bukbuvljak-bozicna-radionica.webp,1011,636,0.009,assets/legacy-wordpress-thumbs/2024/12/6073-prvi-bubu-bukbuvljak-bozicna-radionica.webp,640,402,0.005
6068,"Munižaba ""prešla"" 10 kilometara",munizaba-presla-10-kilometara,novosti/munizaba-presla-10-kilometara.html,Istraživanja,29.11.2024.,https://sovelebit.wordpress.com/wp-content/uploads/2021/04/munizaba-nova-istrazivanja.jpg?w=1080,2021/04/munizaba-nova-istrazivanja.jpg,0.203,assets/legacy-wordpress-featured/2021/04/6068-munizaba-presla-10-kilometara.webp,1600,1115,0.103,assets/legacy-wordpress-thumbs/2021/04/6068-munizaba-presla-10-kilometara.webp,640,446,0.026
6005,Akcijske predakcije,akcijske-predakcije,novosti/akcijske-predakcije.html,Istraživanja,06.07.2024.,https://sovelebit.wordpress.com/wp-content/uploads/2024/07/img_20240615_185331.jpg?w=810,2024/07/img_20240615_185331.jpg,3.748,assets/legacy-wordpress-featured/2024/07/6005-akcijske-predakcije.webp,1200,1600,0.25,assets/legacy-wordpress-thumbs/2024/07/6005-akcijske-predakcije.webp,480,640,0.035
5974,"Školarci, janjetina i Ličko",skolarci-janjetina-i-licko,novosti/skolarci-janjetina-i-licko.html,Novosti,20.05.2024.,https://sovelebit.wordpress.com/wp-content/uploads/2024/05/janjetina-1.jpg?w=640,2024/05/janjetina-1.jpg,0.174,assets/legacy-wordpress-featured/2024/05/5974-skolarci-janjetina-i-licko.webp,640,480,0.05,assets/legacy-wordpress-thumbs/2024/05/5974-skolarci-janjetina-i-licko.webp,640,480,0.038
5956,Moje ime,moje-ime,novosti/moje-ime.html,Novosti,14.05.2024.,https://sovelebit.wordpress.com/wp-content/uploads/2024/05/p4200179-1.jpg?w=1080,2024/05/p4200179-1.jpg,5.249,assets/legacy-wordpress-featured/2024/05/5956-moje-ime.webp,1600,1200,0.462,assets/legacy-wordpress-thumbs/2024/05/5956-moje-ime.webp,640,480,0.068
5939,Prečnica i crtanje na Mijatovoj jami,precnica-i-crtanje-na-mijatovoj-jami,novosti/precnica-i-crtanje-na-mijatovoj-jami.html,Speleoškola,23.04.2024.,https://sovelebit.wordpress.com/wp-content/uploads/2024/04/mijatova-1.jpg?w=810,2024/04/mijatova-1.jpg,0.42,assets/legacy-wordpress-featured/2024/04/5939-precnica-i-crtanje-na-mijatovoj-jami.webp,1058,1410,0.157,assets/legacy-wordpress-thumbs/2024/04/5939-precnica-i-crtanje-na-mijatovoj-jami.webp,480,640,0.054
5876,"Ljute papučice, Maslački i Durex na Matešićki.",ljute-papucice-maslacki-i-durex-na-matesicki,novosti/ljute-papucice-maslacki-i-durex-na-matesicki.html,Novosti,19.04.2024.,https://sovelebit.wordpress.com/wp-content/uploads/2024/04/mat1.jpg?w=1080,2024/04/mat1.jpg,0.863,assets/legacy-wordpress-featured/2024/04/5876-ljute-papucice-maslacki-i-durex-na-matesicki.webp,1600,1200,0.661,assets/legacy-wordpress-thumbs/2024/04/5876-ljute-papucice-maslacki-i-durex-na-matesicki.webp,640,480,0.098
5854,Osvrt na prvi izlet 54. škole,osvrt-na-prvi-izlet-54-skole,novosti/osvrt-na-prvi-izlet-54-skole.html,Novosti,28.03.2024.,https://sovelebit.wordpress.com/wp-content/uploads/2024/03/54_skola_web.jpg?w=1080,2024/03/54_skola_web.jpg,8.595,assets/legacy-wordpress-featured/2024/03/5854-osvrt-na-prvi-izlet-54-skole.webp,1600,1036,0.384,assets/legacy-wordpress-thumbs/2024/03/5854-osvrt-na-prvi-izlet-54-skole.webp,640,414,0.056
5817,HŽ supstitucija (prvi izlet 54. škole),hz-supstitucija-prvi-izlet-54-skole,novosti/hz-supstitucija-prvi-izlet-54-skole.html,Speleoškola,20.03.2024.,https://sovelebit.wordpress.com/wp-content/uploads/2024/03/program-54.jpg?w=1080,2024/03/program-54.jpg,1.05,assets/legacy-wordpress-featured/2024/03/5817-hz-supstitucija-prvi-izlet-54-skole.webp,1600,1123,0.138,assets/legacy-wordpress-thumbs/2024/03/5817-hz-supstitucija-prvi-izlet-54-skole.webp,640,449,0.03
5745,33 godine i 57 brojeva Velebitena kasnije...,33-godine-i-57-brojeva-velebitena-kasnije,novosti/33-godine-i-57-brojeva-velebitena-kasnije.html,Novosti,11.01.2024.,https://sovelebit.wordpress.com/wp-content/uploads/2024/01/promo-1.jpg?w=1080,2024/01/promo-1.jpg,0.189,assets/legacy-wordpress-featured/2024/01/5745-33-godine-i-57-brojeva-velebitena-kasnije.webp,1600,739,0.097,assets/legacy-wordpress-thumbs/2024/01/5745-33-godine-i-57-brojeva-velebitena-kasnije.webp,640,295,0.026
5740,Promocija novog Velebitena,promocija-novog-velebitena-2,novosti/promocija-novog-velebitena-2.html,Novosti,03.01.2024.,https://sovelebit.wordpress.com/wp-content/uploads/2024/01/promocija_velebiten-57.jpg?w=1080,2024/01/promocija_velebiten-57.jpg,0.862,assets/legacy-wordpress-featured/2024/01/5740-promocija-novog-velebitena-2.webp,1600,1066,0.184,assets/legacy-wordpress-thumbs/2024/01/5740-promocija-novog-velebitena-2.webp,640,426,0.041
5729,Velebiten br. 57!,velebiten-br-57,novosti/velebiten-br-57.html,Novosti,12.12.2023.,https://sovelebit.wordpress.com/wp-content/uploads/2023/12/velebiten-57-najava.jpg?w=1080,2023/12/velebiten-57-najava.jpg,4.492,assets/legacy-wordpress-featured/2023/12/5729-velebiten-br-57.webp,1600,1131,0.235,assets/legacy-wordpress-thumbs/2023/12/5729-velebiten-br-57.webp,640,452,0.038
5676,"Čisto podzemlje – Maklenska jama, 18.-19.11.2023.",cisto-podzemlje-maklenska-jama-18-19-11-2023,novosti/cisto-podzemlje-maklenska-jama-18-19-11-2023.html,Novosti,05.12.2023.,https://sovelebit.wordpress.com/wp-content/uploads/2023/12/maklenska-004.jpg?w=1080,2023/12/maklenska-004.jpg,4.021,assets/legacy-wordpress-featured/2023/12/5676-cisto-podzemlje-maklenska-jama-18-19-11-2023.webp,1600,1200,0.425,assets/legacy-wordpress-thumbs/2023/12/5676-cisto-podzemlje-maklenska-jama-18-19-11-2023.webp,640,480,0.05
5661,Pakleni tajfun,pakleni-tajfun,novosti/pakleni-tajfun.html,Istraživanja,14.11.2023.,https://sovelebit.wordpress.com/wp-content/uploads/2023/11/ml-1.jpg?w=808,2023/11/ml-1.jpg,1.137,assets/legacy-wordpress-featured/2023/11/5661-pakleni-tajfun.webp,1197,1600,0.129,assets/legacy-wordpress-thumbs/2023/11/5661-pakleni-tajfun.webp,478,640,0.018
5635,"Speleološka ekspedicija ""Sjeverni Velebit 2023.""",speleoloska-ekspedicija-sjeverni-velebit-2023,novosti/speleoloska-ekspedicija-sjeverni-velebit-2023.html,Istraživanja,12.09.2023.,https://sovelebit.wordpress.com/wp-content/uploads/2023/09/sjv-23-jurica-jagetic.jpg?w=1080,2023/09/sjv-23-jurica-jagetic.jpg,1.415,assets/legacy-wordpress-featured/2023/09/5635-speleoloska-ekspedicija-sjeverni-velebit-2023.webp,1600,1200,0.567,assets/legacy-wordpress-thumbs/2023/09/5635-speleoloska-ekspedicija-sjeverni-velebit-2023.webp,640,480,0.087
5608,The way you make me feel,the-way-you-make-me-feel,novosti/the-way-you-make-me-feel.html,Speleoškola,09.05.2023.,https://sovelebit.wordpress.com/wp-content/uploads/2023/05/jankonka-2-nikola.jpg?w=1080,2023/05/jankonka-2-nikola.jpg,4.346,assets/legacy-wordpress-featured/2023/05/5608-the-way-you-make-me-feel.webp,1600,900,0.067,assets/legacy-wordpress-thumbs/2023/05/5608-the-way-you-make-me-feel.webp,640,360,0.017
5562,Prve priče iz 53. škole,prve-price-iz-53-skole,novosti/prve-price-iz-53-skole.html,Novosti,27.04.2023.,https://sovelebit.wordpress.com/wp-content/uploads/2023/04/zica2_foto-marina.jpg?w=810,2023/04/zica2_foto-marina.jpg,1.056,assets/legacy-wordpress-featured/2023/04/5562-prve-price-iz-53-skole.webp,1200,1600,0.311,assets/legacy-wordpress-thumbs/2023/04/5562-prve-price-iz-53-skole.webp,480,640,0.041
5552,Rescuing the Depth,rescuing-the-depth,novosti/rescuing-the-depth.html,Novosti,07.04.2023.,https://sovelebit.wordpress.com/wp-content/uploads/2023/04/rescuing-the-depth-2.jpg,2023/04/rescuing-the-depth-2.jpg,0.735,assets/legacy-wordpress-featured/2023/04/5552-rescuing-the-depth.webp,1600,840,0.083,assets/legacy-wordpress-thumbs/2023/04/5552-rescuing-the-depth.webp,640,336,0.024
5524,Čišćenje jame u Permanima,ciscenje-jame-u-permanima,novosti/ciscenje-jame-u-permanima.html,Novosti,27.03.2023.,https://sovelebit.wordpress.com/wp-content/uploads/2023/03/cp1.jpg?w=1080,2023/03/cp1.jpg,0.571,assets/legacy-wordpress-featured/2023/03/5524-ciscenje-jame-u-permanima.webp,1600,900,0.421,assets/legacy-wordpress-thumbs/2023/03/5524-ciscenje-jame-u-permanima.webp,640,360,0.058
5486,2021.-,2021,novosti/2021.html,Povijest od 1971.,18.02.2023.,https://sovelebit.wordpress.com/wp-content/uploads/2023/02/51-zss.jpg?w=1080,2023/02/51-zss.jpg,1.162,assets/legacy-wordpress-featured/2023/02/5486-2021.webp,1600,1066,0.539,assets/legacy-wordpress-thumbs/2023/02/5486-2021.webp,640,426,0.082
5434,2011.-2020.,2011-2020,novosti/2011-2020.html,Povijest od 1971.,18.02.2023.,https://sovelebit.wordpress.com/wp-content/uploads/2023/02/42-zss.jpg?w=960,2023/02/42-zss.jpg,0.181,assets/legacy-wordpress-featured/2023/02/5434-2011-2020.webp,960,720,0.172,assets/legacy-wordpress-thumbs/2023/02/5434-2011-2020.webp,640,480,0.074
5407,2001.-2010.,2001-2010,novosti/2001-2010.html,Povijest od 1971.,18.02.2023.,https://sovelebit.wordpress.com/wp-content/uploads/2023/02/skola2010-2.jpg?w=400,2023/02/skola2010-2.jpg,0.067,assets/legacy-wordpress-featured/2023/02/5407-2001-2010.webp,400,385,0.045,assets/legacy-wordpress-thumbs/2023/02/5407-2001-2010.webp,400,385,0.036
5387,1991.-2000.,1991-2000,novosti/1991-2000.html,Povijest od 1971.,18.02.2023.,https://sovelebit.wordpress.com/wp-content/uploads/2023/02/1990.jpg?w=1080,2023/02/1990.jpg,0.078,assets/legacy-wordpress-featured/2023/02/5387-1991-2000.webp,1096,566,0.062,assets/legacy-wordpress-thumbs/2023/02/5387-1991-2000.webp,640,330,0.026
5374,1981.-1990.,1981-1990,novosti/1981-1990.html,Povijest od 1971.,16.02.2023.,https://sovelebit.wordpress.com/wp-content/uploads/2023/02/spe.skola-84.jpg?w=1080,2023/02/spe.skola-84.jpg,0.187,assets/legacy-wordpress-featured/2023/02/5374-1981-1990.webp,1173,768,0.154,assets/legacy-wordpress-thumbs/2023/02/5374-1981-1990.webp,640,419,0.056
5343,1971. - 1980.,1971-1980,novosti/1971-1980.html,Povijest od 1971.,16.02.2023.,https://sovelebit.wordpress.com/wp-content/uploads/2023/02/f-3.jpg?w=1080,2023/02/f-3.jpg,1.138,assets/legacy-wordpress-featured/2023/02/5343-1971-1980.webp,1600,1177,0.359,assets/legacy-wordpress-thumbs/2023/02/5343-1971-1980.webp,640,470,0.073
5256,Prijave za 53. speleološku školu,otvorene-prijave-za-speleolosku-skolu,novosti/otvorene-prijave-za-speleolosku-skolu.html,Novosti,15.02.2023.,https://sovelebit.wordpress.com/wp-content/uploads/2023/02/program-53.speleoskole.jpg?w=1080,2023/02/program-53.speleoskole.jpg,0.142,assets/legacy-wordpress-featured/2023/02/5256-otvorene-prijave-za-speleolosku-skolu.webp,1277,883,0.093,assets/legacy-wordpress-thumbs/2023/02/5256-otvorene-prijave-za-speleolosku-skolu.webp,640,442,0.026
5247,Česta pitanja u vezi speleo škole,cesta-pitanja-u-vezi-speleo-skole,novosti/cesta-pitanja-u-vezi-speleo-skole.html,Novosti,14.02.2023.,https://sovelebit.wordpress.com/wp-content/uploads/2023/02/sto-mi-treba.jpg?w=1080,2023/02/sto-mi-treba.jpg,0.1,assets/legacy-wordpress-featured/2023/02/5247-cesta-pitanja-u-vezi-speleo-skole.webp,1600,361,0.013,assets/legacy-wordpress-thumbs/2023/02/5247-cesta-pitanja-u-vezi-speleo-skole.webp,640,144,0.004
5183,SPELEON - centar podzemne baštine,speleon-centar-podzemne-bastine,novosti/speleon-centar-podzemne-bastine.html,Novosti,21.01.2023.,https://sovelebit.wordpress.com/wp-content/uploads/2023/01/speleon8.jpg?w=1080,2023/01/speleon8.jpg,0.408,assets/legacy-wordpress-featured/2023/01/5183-speleon-centar-podzemne-bastine.webp,1600,1066,0.268,assets/legacy-wordpress-thumbs/2023/01/5183-speleon-centar-podzemne-bastine.webp,640,426,0.037
5116,Bila je gužva,bila-je-guzva,novosti/bila-je-guzva.html,Novosti,22.12.2022.,https://sovelebit.wordpress.com/wp-content/uploads/2022/12/tulum-1.jpg?w=484,2022/12/tulum-1.jpg,2.304,assets/legacy-wordpress-featured/2022/12/5116-bila-je-guzva.webp,717,1600,0.196,assets/legacy-wordpress-thumbs/2022/12/5116-bila-je-guzva.webp,286,640,0.037
5103,Djeci su izmamili osmijeh na lice!,mrazovi-nad-klaicevom-part-2-22,novosti/mrazovi-nad-klaicevom-part-2-22.html,Novosti,22.12.2022.,https://sovelebit.wordpress.com/wp-content/uploads/2022/12/penjanje1.jpg?w=1080,2022/12/penjanje1.jpg,0.89,assets/legacy-wordpress-featured/2022/12/5103-mrazovi-nad-klaicevom-part-2-22.webp,1320,768,0.119,assets/legacy-wordpress-thumbs/2022/12/5103-mrazovi-nad-klaicevom-part-2-22.webp,640,372,0.031
5093,"Ne budi Grinch, dođi na promociju i tulum",ne-budi-grinch-dodi-na-promociju-i-tulum,novosti/ne-budi-grinch-dodi-na-promociju-i-tulum.html,Novosti,19.12.2022.,https://sovelebit.wordpress.com/wp-content/uploads/2022/12/20221219_124837.jpg?w=484,2022/12/20221219_124837.jpg,2.468,assets/legacy-wordpress-featured/2022/12/5093-ne-budi-grinch-dodi-na-promociju-i-tulum.webp,717,1600,0.159,assets/legacy-wordpress-thumbs/2022/12/5093-ne-budi-grinch-dodi-na-promociju-i-tulum.webp,286,640,0.027
5085,Božićni tulum i promocija novog Velebitena!,bozicni-tulum-i-promocija-novog-velebitena,novosti/bozicni-tulum-i-promocija-novog-velebitena.html,Novosti,15.12.2022.,https://sovelebit.wordpress.com/wp-content/uploads/2022/12/pozivnica_tulum-i-promocija.jpg?w=1080,2022/12/pozivnica_tulum-i-promocija.jpg,1.701,assets/legacy-wordpress-featured/2022/12/5085-bozicni-tulum-i-promocija-novog-velebitena.webp,1600,1112,0.158,assets/legacy-wordpress-thumbs/2022/12/5085-bozicni-tulum-i-promocija-novog-velebitena.webp,640,444,0.043
5059,Novi Velebiten!,novi-velebiten-3,novosti/novi-velebiten-3.html,Novosti,03.12.2022.,https://sovelebit.wordpress.com/wp-content/uploads/2022/12/ivor-jankovic_jpgrg-1.jpg,2022/12/ivor-jankovic_jpgrg-1.jpg,0.119,assets/legacy-wordpress-featured/2022/12/5059-novi-velebiten-3.webp,378,504,0.02,assets/legacy-wordpress-thumbs/2022/12/5059-novi-velebiten-3.webp,378,504,0.016
5023,Odsječka akcija čišćenja podzemlja,odsjecka-akcija-ciscenja-podzemlja,novosti/odsjecka-akcija-ciscenja-podzemlja.html,Novosti,01.10.2022.,https://sovelebit.wordpress.com/wp-content/uploads/2022/10/1-smece-iz-vrtace.jpg?w=1080,2022/10/1-smece-iz-vrtace.jpg,0.816,assets/legacy-wordpress-featured/2022/10/5023-odsjecka-akcija-ciscenja-podzemlja.webp,1600,1066,0.292,assets/legacy-wordpress-thumbs/2022/10/5023-odsjecka-akcija-ciscenja-podzemlja.webp,640,426,0.067
5010,U sjećanje: Darko Cucančić - Cuco,u-sjecanje-darko-cucancic-cuco,novosti/u-sjecanje-darko-cucancic-cuco.html,Novosti,03.09.2022.,https://sovelebit.wordpress.com/wp-content/uploads/2022/09/cuc-i-sep-ispred-ulaza-u-panjkov-ponor-1983..jpg?w=708,2022/09/cuc-i-sep-ispred-ulaza-u-panjkov-ponor-1983..jpg,0.283,assets/legacy-wordpress-featured/2022/09/5010-u-sjecanje-darko-cucancic-cuco.webp,837,1277,0.074,assets/legacy-wordpress-thumbs/2022/09/5010-u-sjecanje-darko-cucancic-cuco.webp,419,640,0.024
4981,"Lipanjska ekspedicija ""Nedam 2022"" - izvještaj",lipanjska-ekspedicija-nedam-2022-izvjestaj,novosti/lipanjska-ekspedicija-nedam-2022-izvjestaj.html,Istraživanja,22.08.2022.,https://sovelebit.wordpress.com/wp-content/uploads/2022/08/nedam-lipanj-7_nova-najdublja-tocka-jame-nedam.jpg?w=1080,2022/08/nedam-lipanj-7_nova-najdublja-tocka-jame-nedam.jpg,0.295,assets/legacy-wordpress-featured/2022/08/4981-lipanjska-ekspedicija-nedam-2022-izvjestaj.webp,1600,1200,0.16,assets/legacy-wordpress-thumbs/2022/08/4981-lipanjska-ekspedicija-nedam-2022-izvjestaj.webp,640,480,0.031
4964,Napustio nas je Cuco,napustio-nas-je-cuco,novosti/napustio-nas-je-cuco.html,Novosti,19.07.2022.,https://sovelebit.wordpress.com/wp-content/uploads/2022/07/mg_1558-1.jpg?w=873,2022/07/mg_1558-1.jpg,0.075,assets/legacy-wordpress-featured/2022/07/4964-napustio-nas-je-cuco.webp,873,582,0.042,assets/legacy-wordpress-thumbs/2022/07/4964-napustio-nas-je-cuco.webp,640,426,0.016
4951,"SPELEOLOŠKA EKSPEDICIJA ""NEDAM 2022""",speleoloska-ekspedicija-nedam-2022,novosti/speleoloska-ekspedicija-nedam-2022.html,Novosti,24.06.2022.,https://sovelebit.wordpress.com/wp-content/uploads/2022/06/fuel-exchange_photo-by-efrosina-hristova.jpg?w=1080,2022/06/fuel-exchange_photo-by-efrosina-hristova.jpg,1.165,assets/legacy-wordpress-featured/2022/06/4951-speleoloska-ekspedicija-nedam-2022.webp,1600,1591,0.613,assets/legacy-wordpress-thumbs/2022/06/4951-speleoloska-ekspedicija-nedam-2022.webp,640,636,0.099
4907,Došao je i taj dan,dosao-je-i-taj-dan,novosti/dosao-je-i-taj-dan.html,Novosti,06.05.2022.,https://sovelebit.wordpress.com/wp-content/uploads/2022/05/img_3261.jpg?w=1080,2022/05/img_3261.jpg,1.624,assets/legacy-wordpress-featured/2022/05/4907-dosao-je-i-taj-dan.webp,1600,1200,0.423,assets/legacy-wordpress-thumbs/2022/05/4907-dosao-je-i-taj-dan.webp,640,480,0.062
4859,Izlet škole u Rokinu bezdanu,4859,novosti/4859.html,Speleoškola,20.04.2022.,https://sovelebit.wordpress.com/wp-content/uploads/2022/04/img_20220409_130704_burst1.jpg?w=810,2022/04/img_20220409_130704_burst1.jpg,2.175,assets/legacy-wordpress-featured/2022/04/4859-4859.webp,1200,1600,0.508,assets/legacy-wordpress-thumbs/2022/04/4859-4859.webp,480,640,0.028
4831,Ponorac i naučena lekcija,ponorac-i-naucena-lekcija,novosti/ponorac-i-naucena-lekcija.html,Speleoškola,07.04.2022.,https://sovelebit.wordpress.com/wp-content/uploads/2022/04/05271242.jpg?w=1080,2022/04/05271242.jpg,2.172,assets/legacy-wordpress-featured/2022/04/4831-ponorac-i-naucena-lekcija.webp,1600,1066,0.484,assets/legacy-wordpress-thumbs/2022/04/4831-ponorac-i-naucena-lekcija.webp,640,426,0.08
4812,Koka na krošnji,koka-na-krosnji,novosti/koka-na-krosnji.html,Razno,04.04.2022.,https://sovelebit.wordpress.com/wp-content/uploads/2022/04/sp-3.jpg?w=790,2022/04/sp-3.jpg,1.019,assets/legacy-wordpress-featured/2022/04/4812-koka-na-krosnji.webp,1170,1600,0.284,assets/legacy-wordpress-thumbs/2022/04/4812-koka-na-krosnji.webp,468,640,0.071
4764,2. izlet speleološke škole SOV,2-vikend-speleoloske-skole-sov,novosti/2-vikend-speleoloske-skole-sov.html,Novosti,30.03.2022.,https://sovelebit.wordpress.com/wp-content/uploads/2022/03/drugi-vikend-zica.jpg,2022/03/drugi-vikend-zica.jpg,0.045,assets/legacy-wordpress-featured/2022/03/4764-2-vikend-speleoloske-skole-sov.webp,320,426,0.041,assets/legacy-wordpress-thumbs/2022/03/4764-2-vikend-speleoloske-skole-sov.webp,320,426,0.034
4737,Prvi izlet 52. speleološke škole,prvi-izlet-52-speleoloske-skole,novosti/prvi-izlet-52-speleoloske-skole.html,Speleoškola,23.03.2022.,https://sovelebit.wordpress.com/wp-content/uploads/2022/03/flir03.jpg?w=1080,2022/03/flir03.jpg,0.332,assets/legacy-wordpress-featured/2022/03/4737-prvi-izlet-52-speleoloske-skole.webp,1302,794,0.044,assets/legacy-wordpress-thumbs/2022/03/4737-prvi-izlet-52-speleoloske-skole.webp,640,390,0.016
4705,Promocija novog Velebitena!,promocija-novog-velebitena,novosti/promocija-novog-velebitena.html,Novosti,22.02.2022.,https://sovelebit.wordpress.com/wp-content/uploads/2022/01/reklama-velebiten-55web.jpg?w=898,2022/01/reklama-velebiten-55web.jpg,1.699,assets/legacy-wordpress-featured/2022/01/4705-promocija-novog-velebitena.webp,1330,1600,0.153,assets/legacy-wordpress-thumbs/2022/01/4705-promocija-novog-velebitena.webp,532,640,0.028
4672,Speleološki početak godine u Istri,speleoloski-pocetak-godine-u-istri,novosti/speleoloski-pocetak-godine-u-istri.html,Istraživanja,18.01.2022.,https://sovelebit.wordpress.com/wp-content/uploads/2022/01/autor-teksta-raki.jpg?w=693,2022/01/autor-teksta-raki.jpg,0.17,assets/legacy-wordpress-featured/2022/01/4672-speleoloski-pocetak-godine-u-istri.webp,693,611,0.094,assets/legacy-wordpress-thumbs/2022/01/4672-speleoloski-pocetak-godine-u-istri.webp,640,564,0.064
4638,52. speleološka škola,52-speleoloska-skola,novosti/52-speleoloska-skola.html,Novosti,12.01.2022.,https://sovelebit.wordpress.com/wp-content/uploads/2022/01/poste-speleo-skola-page-001.jpg?w=764,2022/01/poste-speleo-skola-page-001.jpg,0.21,assets/legacy-wordpress-featured/2022/01/4638-52-speleoloska-skola.webp,1131,1600,0.117,assets/legacy-wordpress-thumbs/2022/01/4638-52-speleoloska-skola.webp,452,640,0.028
4575,Produženi vikend u JSC- ulaz Kita,produzeni-vikend-u-jsc-ulaz-kita,novosti/produzeni-vikend-u-jsc-ulaz-kita.html,Istraživanja,23.06.2021.,https://sovelebit.wordpress.com/wp-content/uploads/2021/06/1-jsc_lipanj.jpg?w=1080,2021/06/1-jsc_lipanj.jpg,0.397,assets/legacy-wordpress-featured/2021/06/4575-produzeni-vikend-u-jsc-ulaz-kita.webp,1600,1600,0.104,assets/legacy-wordpress-thumbs/2021/06/4575-produzeni-vikend-u-jsc-ulaz-kita.webp,640,640,0.019
4549,Ekspedicija Nedam 2021.,ekspedicija-nedam-2021,novosti/ekspedicija-nedam-2021.html,Istraživanja,26.05.2021.,https://sovelebit.wordpress.com/wp-content/uploads/2020/08/jenny_nedam2020_3.jpg?w=720,2020/08/jenny_nedam2020_3.jpg,0.063,assets/legacy-wordpress-featured/2020/08/4549-ekspedicija-nedam-2021.webp,720,960,0.063,assets/legacy-wordpress-thumbs/2020/08/4549-ekspedicija-nedam-2021.webp,480,640,0.029
4498,Nacrt i morfologija špilje Munižabe,nacrt-i-morfologija-spilje-munizabe,novosti/nacrt-i-morfologija-spilje-munizabe.html,Istraživanja,27.04.2021.,https://sovelebit.wordpress.com/wp-content/uploads/2021/04/munizaba-profil-2008-m1-5000.jpg?w=1080,2021/04/munizaba-profil-2008-m1-5000.jpg,0.461,assets/legacy-wordpress-featured/2021/04/4498-nacrt-i-morfologija-spilje-munizabe.webp,1600,1089,0.079,assets/legacy-wordpress-thumbs/2021/04/4498-nacrt-i-morfologija-spilje-munizabe.webp,640,435,0.018
4385,Munižaba (pregled istraživanja 1998.-2025.),munizaba-pregled-istrazivanja,novosti/munizaba-pregled-istrazivanja.html,Istraživanja,27.04.2021.,https://sovelebit.wordpress.com/wp-content/uploads/2021/04/001-munizaba_foto_d_baksic_-ulaz.jpg?w=1024,2021/04/001-munizaba_foto_d_baksic_-ulaz.jpg,0.132,assets/legacy-wordpress-featured/2021/04/4385-munizaba-pregled-istrazivanja.webp,1024,768,0.051,assets/legacy-wordpress-thumbs/2021/04/4385-munizaba-pregled-istrazivanja.webp,640,480,0.018
4349,Nastavak istraživanja u JSC,nastavak-istrazivanja-u-jsc,novosti/nastavak-istrazivanja-u-jsc.html,Istraživanja,30.03.2021.,https://sovelebit.wordpress.com/wp-content/uploads/2021/03/17_raki-na-ulazu_lh.jpg,2021/03/17_raki-na-ulazu_lh.jpg,4.239,assets/legacy-wordpress-featured/2021/03/4349-nastavak-istrazivanja-u-jsc.webp,1600,1200,0.545,assets/legacy-wordpress-thumbs/2021/03/4349-nastavak-istrazivanja-u-jsc.webp,640,480,0.084
4335,"Projekt ""Novi fosili"" - poziv članovima PDSV",projekt-novi-fosili-poziv-clanovima-so-pdsv,novosti/projekt-novi-fosili-poziv-clanovima-so-pdsv.html,Razno,22.03.2021.,https://sovelebit.wordpress.com/wp-content/uploads/2021/03/2pred-velebitom1.jpg?w=862,2021/03/2pred-velebitom1.jpg,0.921,assets/legacy-wordpress-featured/2021/03/4335-projekt-novi-fosili-poziv-clanovima-so-pdsv.webp,862,616,0.057,assets/legacy-wordpress-thumbs/2021/03/4335-projekt-novi-fosili-poziv-clanovima-so-pdsv.webp,640,457,0.031
4318,Velebitaši u Mic-po-mic penju,velebitasi-u-mic-po-mic-penju,novosti/velebitasi-u-mic-po-mic-penju.html,Istraživanja,15.03.2021.,https://sovelebit.wordpress.com/wp-content/uploads/2021/03/g0020013.jpg?w=1080,2021/03/g0020013.jpg,0.973,assets/legacy-wordpress-featured/2021/03/4318-velebitasi-u-mic-po-mic-penju.webp,1600,1200,0.057,assets/legacy-wordpress-thumbs/2021/03/4318-velebitasi-u-mic-po-mic-penju.webp,640,480,0.01
4293,Speleoškolica kao san,speleoskolica-kao-san,novosti/speleoskolica-kao-san.html,Speleoškola,04.03.2021.,https://sovelebit.wordpress.com/wp-content/uploads/2021/03/50.-skola_4_autorica.jpg?w=1080,2021/03/50.-skola_4_autorica.jpg,0.425,assets/legacy-wordpress-featured/2021/03/4293-speleoskolica-kao-san.webp,1560,1170,0.355,assets/legacy-wordpress-thumbs/2021/03/4293-speleoskolica-kao-san.webp,640,480,0.079
4272,"O užetu, užetima i užadi",o-uzetu-uzetima-i-uzadi,novosti/o-uzetu-uzetima-i-uzadi.html,Edukacija,03.03.2021.,https://sovelebit.wordpress.com/wp-content/uploads/2021/03/o-uzadi-2.jpg?w=640,2021/03/o-uzadi-2.jpg,0.025,assets/legacy-wordpress-featured/2021/03/4272-o-uzetu-uzetima-i-uzadi.webp,640,960,0.015,assets/legacy-wordpress-thumbs/2021/03/4272-o-uzetu-uzetima-i-uzadi.webp,426,640,0.008
4230,Kreće 51. Zagrebačka speleološka škola,krece-51-zagrebacka-speleoloska-skola,novosti/krece-51-zagrebacka-speleoloska-skola.html,Novosti,11.02.2021.,https://sovelebit.wordpress.com/wp-content/uploads/2021/02/505a8072.jpg?w=1080,2021/02/505a8072.jpg,0.168,assets/legacy-wordpress-featured/2021/02/4230-krece-51-zagrebacka-speleoloska-skola.webp,1350,900,0.085,assets/legacy-wordpress-thumbs/2021/02/4230-krece-51-zagrebacka-speleoloska-skola.webp,640,426,0.025
4175,Stupina jama,stupina-jama,novosti/stupina-jama.html,Istraživanja,13.01.2021.,https://sovelebit.wordpress.com/wp-content/uploads/2021/01/stupinajamatopo.jpg?w=578,2021/01/stupinajamatopo.jpg,0.376,assets/legacy-wordpress-featured/2021/01/4175-stupina-jama.webp,856,1600,0.042,assets/legacy-wordpress-thumbs/2021/01/4175-stupina-jama.webp,342,640,0.01
4160,Velebiten br. 54,velebiten-br-54,novosti/velebiten-br-54.html,Novosti,05.01.2021.,https://sovelebit.wordpress.com/wp-content/uploads/2021/01/novi-velebiten.jpg?w=938,2021/01/novi-velebiten.jpg,0.506,assets/legacy-wordpress-featured/2021/01/4160-velebiten-br-54.webp,1390,1600,0.198,assets/legacy-wordpress-thumbs/2021/01/4160-velebiten-br-54.webp,556,640,0.035
4135,Špiljari na Sv. brdu i u jami Duša na Crnopcu,spiljari-na-sv-brdu-i-u-jami-dusa-na-crnopcu,novosti/spiljari-na-sv-brdu-i-u-jami-dusa-na-crnopcu.html,Novosti,21.12.2020.,https://sovelebit.wordpress.com/wp-content/uploads/2020/12/bivakiranje-na-crnopcu.jpg?w=1080,2020/12/bivakiranje-na-crnopcu.jpg,1.06,assets/legacy-wordpress-featured/2020/12/4135-spiljari-na-sv-brdu-i-u-jami-dusa-na-crnopcu.webp,1600,1200,0.06,assets/legacy-wordpress-thumbs/2020/12/4135-spiljari-na-sv-brdu-i-u-jami-dusa-na-crnopcu.webp,640,480,0.008
4119,Speleološko-planinarski logor za djecu,speleolosko-planinarski-logor-za-djecu,novosti/speleolosko-planinarski-logor-za-djecu.html,Novosti,13.11.2020.,https://sovelebit.wordpress.com/wp-content/uploads/2020/11/dsc00451.jpg?w=1080,2020/11/dsc00451.jpg,2.307,assets/legacy-wordpress-featured/2020/11/4119-speleolosko-planinarski-logor-za-djecu.webp,1600,1200,0.214,assets/legacy-wordpress-thumbs/2020/11/4119-speleolosko-planinarski-logor-za-djecu.webp,640,480,0.037
4086,Počinje 50. speleoškola!,pocinje-50-speleoskola,novosti/pocinje-50-speleoskola.html,Speleoškola,23.09.2020.,https://sovelebit.wordpress.com/wp-content/uploads/2020/09/50_b-stock.jpg,2020/09/50_b-stock.jpg,0.316,assets/legacy-wordpress-featured/2020/09/4086-pocinje-50-speleoskola.webp,1131,1600,0.099,assets/legacy-wordpress-thumbs/2020/09/4086-pocinje-50-speleoskola.webp,452,640,0.025
4064,"Završetak speleološke ekspedicije ""Nedam 2020""",4064,novosti/4064.html,Istraživanja,25.08.2020.,https://sovelebit.wordpress.com/wp-content/uploads/2020/08/nedam-2020_novi-nacrt.jpg,2020/08/nedam-2020_novi-nacrt.jpg,0.05,assets/legacy-wordpress-featured/2020/08/4064-4064.webp,715,960,0.035,assets/legacy-wordpress-thumbs/2020/08/4064-4064.webp,476,640,0.017
4044,Novosti iz jame Nedam,novosti-iz-jame-nedam,novosti/novosti-iz-jame-nedam.html,Novosti,04.08.2020.,https://sovelebit.wordpress.com/wp-content/uploads/2020/08/posjet-hps.jpg,2020/08/posjet-hps.jpg,0.157,assets/legacy-wordpress-featured/2020/08/4044-novosti-iz-jame-nedam.webp,800,533,0.096,assets/legacy-wordpress-thumbs/2020/08/4044-novosti-iz-jame-nedam.webp,640,426,0.055
3965,Jama Nedam ide dalje,jama-nedam-ide-dalje,novosti/jama-nedam-ide-dalje.html,Istraživanja,01.07.2020.,https://sovelebit.wordpress.com/wp-content/uploads/2020/07/nedam.jpg,2020/07/nedam.jpg,0.024,assets/legacy-wordpress-featured/2020/07/3965-jama-nedam-ide-dalje.webp,640,959,0.015,assets/legacy-wordpress-thumbs/2020/07/3965-jama-nedam-ide-dalje.webp,427,640,0.006
3934,Nedam - predakcija predakcije,nedam-predakcija-predakcije,novosti/nedam-predakcija-predakcije.html,Istraživanja,14.06.2020.,https://sovelebit.wordpress.com/wp-content/uploads/2020/06/stvari-iz-bivka-koje-je-razbacala-voda_-marko-rakovac.jpg,2020/06/stvari-iz-bivka-koje-je-razbacala-voda_-marko-rakovac.jpg,0.078,assets/legacy-wordpress-featured/2020/06/3934-nedam-predakcija-predakcije.webp,960,720,0.096,assets/legacy-wordpress-thumbs/2020/06/3934-nedam-predakcija-predakcije.webp,640,480,0.035
3905,Velebitaši na Plitvicama,velebitasi-na-plitvicama,novosti/velebitasi-na-plitvicama.html,Istraživanja,25.05.2020.,https://sovelebit.wordpress.com/wp-content/uploads/2020/05/plitvice-2020_1.jpeg,2020/05/plitvice-2020_1.jpeg,0.238,assets/legacy-wordpress-featured/2020/05/3905-velebitasi-na-plitvicama.webp,738,1600,0.2,assets/legacy-wordpress-thumbs/2020/05/3905-velebitasi-na-plitvicama.webp,295,640,0.046
3872,Započela speleološka istraživanja u NP Plitvička jezera,speleoloski-susreti-na-plitvicama,novosti/speleoloski-susreti-na-plitvicama.html,Istraživanja,18.05.2020.,https://sovelebit.wordpress.com/wp-content/uploads/2020/05/sd-veles-sk-ursus-spelaeus-so-velebit_10.jpg,2020/05/sd-veles-sk-ursus-spelaeus-so-velebit_10.jpg,0.921,assets/legacy-wordpress-featured/2020/05/3872-speleoloski-susreti-na-plitvicama.webp,1600,1200,0.464,assets/legacy-wordpress-thumbs/2020/05/3872-speleoloski-susreti-na-plitvicama.webp,640,480,0.091
3824,"Jama Patkov gušt, Sjeverni Velebit",jama-patkov-gust-sjeverni-velebit,novosti/jama-patkov-gust-sjeverni-velebit.html,Uncategorized,25.04.2020.,https://sovelebit.wordpress.com/wp-content/uploads/2020/04/2008-patkov-gust_02.jpg,2020/04/2008-patkov-gust_02.jpg,0.109,assets/legacy-wordpress-featured/2020/04/3824-jama-patkov-gust-sjeverni-velebit.webp,800,533,0.053,assets/legacy-wordpress-thumbs/2020/04/3824-jama-patkov-gust-sjeverni-velebit.webp,640,426,0.025
3804,Jama pod Kamenitim vratima,jama-pod-kamenitim-vratima,novosti/jama-pod-kamenitim-vratima.html,Uncategorized,18.04.2020.,https://sovelebit.wordpress.com/wp-content/uploads/2020/04/djuro-sekelj-i-robert-erhardt-na-345-metara-snimio-d.-petricioli.jpg,2020/04/djuro-sekelj-i-robert-erhardt-na-345-metara-snimio-d.-petricioli.jpg,0.225,assets/legacy-wordpress-featured/2020/04/3804-jama-pod-kamenitim-vratima.webp,526,722,0.174,assets/legacy-wordpress-thumbs/2020/04/3804-jama-pod-kamenitim-vratima.webp,466,640,0.116
3727,Dachstein Mammuthöhle - zimska speleologija,dachstein-mammuthohle-zimska-speleologija,novosti/dachstein-mammuthohle-zimska-speleologija.html,Putopisi,16.04.2020.,https://sovelebit.wordpress.com/wp-content/uploads/2020/04/dmhprofil001.jpg,2020/04/dmhprofil001.jpg,1.438,assets/legacy-wordpress-featured/2020/04/3727-dachstein-mammuthohle-zimska-speleologija.webp,1168,1600,0.135,assets/legacy-wordpress-thumbs/2020/04/3727-dachstein-mammuthohle-zimska-speleologija.webp,467,640,0.022
3592,Voronya 2009.,voronya-2009,novosti/voronya-2009.html,Putopisi,14.04.2020.,https://sovelebit.wordpress.com/wp-content/uploads/2020/04/051-game-over-2080-baksa-i-robi-foto-dimitrij-fedotov.jpg,2020/04/051-game-over-2080-baksa-i-robi-foto-dimitrij-fedotov.jpg,0.192,assets/legacy-wordpress-featured/2020/04/3592-voronya-2009.webp,1024,768,0.081,assets/legacy-wordpress-thumbs/2020/04/3592-voronya-2009.webp,640,480,0.028
3454,Kuba - put u prošlost,kuba-put-u-proslost,novosti/kuba-put-u-proslost.html,Putopisi,11.04.2020.,https://sovelebit.wordpress.com/wp-content/uploads/2020/04/001-habana.jpg,2020/04/001-habana.jpg,0.324,assets/legacy-wordpress-featured/2020/04/3454-kuba-put-u-proslost.webp,1600,1200,0.143,assets/legacy-wordpress-thumbs/2020/04/3454-kuba-put-u-proslost.webp,640,480,0.026
3443,Speleološka ekspedicija 'Kuba 2004-2005.',speleoloska-ekspedicija-kuba-2004-2005,novosti/speleoloska-ekspedicija-kuba-2004-2005.html,Putopisi,11.04.2020.,https://sovelebit.wordpress.com/wp-content/uploads/2020/04/krskube.jpg,2020/04/krskube.jpg,0.18,assets/legacy-wordpress-featured/2020/04/3443-speleoloska-ekspedicija-kuba-2004-2005.webp,1600,766,0.075,assets/legacy-wordpress-thumbs/2020/04/3443-speleoloska-ekspedicija-kuba-2004-2005.webp,640,306,0.015
3431,Živi svijet i osnovni pojmovi u speleologiji,zivi-svijet-i-osnovni-pojmovi-u-speleologiji,novosti/zivi-svijet-i-osnovni-pojmovi-u-speleologiji.html,Edukacija,11.04.2020.,https://sovelebit.wordpress.com/wp-content/uploads/2020/04/2006-spiljaprovala-zumbera-foto_d_paar.jpg,2020/04/2006-spiljaprovala-zumbera-foto_d_paar.jpg,0.463,assets/legacy-wordpress-featured/2020/04/3431-zivi-svijet-i-osnovni-pojmovi-u-speleologiji.webp,1155,1505,0.232,assets/legacy-wordpress-thumbs/2020/04/3431-zivi-svijet-i-osnovni-pojmovi-u-speleologiji.webp,491,640,0.029
3402,Pijavica Croatobranchus mestrovi,pijavica-croatobranchus-mestrovi,novosti/pijavica-croatobranchus-mestrovi.html,Edukacija,11.04.2020.,https://sovelebit.wordpress.com/wp-content/uploads/2020/04/velebita10_croatobranchus_dp.jpg,2020/04/velebita10_croatobranchus_dp.jpg,0.085,assets/legacy-wordpress-featured/2020/04/3402-pijavica-croatobranchus-mestrovi.webp,640,480,0.062,assets/legacy-wordpress-thumbs/2020/04/3402-pijavica-croatobranchus-mestrovi.webp,640,480,0.049
3323,"Sistem BC-4, Mala Boka",sistem-bc-4-mala-boka,novosti/sistem-bc-4-mala-boka.html,Putopisi,10.04.2020.,https://sovelebit.wordpress.com/wp-content/uploads/2020/04/mala-boka_2.-pristup.jpg,2020/04/mala-boka_2.-pristup.jpg,0.107,assets/legacy-wordpress-featured/2020/04/3323-sistem-bc-4-mala-boka.webp,800,534,0.059,assets/legacy-wordpress-thumbs/2020/04/3323-sistem-bc-4-mala-boka.webp,640,427,0.032
3302,"Glavu gore, nema predaje!",glavu-gore-nema-predaje,novosti/glavu-gore-nema-predaje.html,Novosti,02.04.2020.,https://sovelebit.wordpress.com/wp-content/uploads/2020/04/sov_cz_glavu-gore.jpg,2020/04/sov_cz_glavu-gore.jpg,0.047,assets/legacy-wordpress-featured/2020/04/3302-glavu-gore-nema-predaje.webp,600,398,0.036,assets/legacy-wordpress-thumbs/2020/04/3302-glavu-gore-nema-predaje.webp,600,398,0.029
3293,Odgovorno i u prirodu za vrijeme pandemije,odgovorno-i-u-prirodu-za-vrijeme-pandemije,novosti/odgovorno-i-u-prirodu-za-vrijeme-pandemije.html,Novosti,17.03.2020.,https://sovelebit.wordpress.com/wp-content/uploads/2020/03/hgss_400x400.jpg,2020/03/hgss_400x400.jpg,0.037,assets/legacy-wordpress-featured/2020/03/3293-odgovorno-i-u-prirodu-za-vrijeme-pandemije.webp,400,400,0.023,assets/legacy-wordpress-thumbs/2020/03/3293-odgovorno-i-u-prirodu-za-vrijeme-pandemije.webp,400,400,0.018
3234,Đula-Medvedica; nakon 85 godina ponovo kroz Poljakov prolaz,3234,novosti/3234.html,Istraživanja,24.02.2020.,https://sovelebit.wordpress.com/wp-content/uploads/2020/02/poljakov-prolaz-foto-dalibor-paar.jpg,2020/02/poljakov-prolaz-foto-dalibor-paar.jpg,1.833,assets/legacy-wordpress-featured/2020/02/3234-3234.webp,1600,1200,0.214,assets/legacy-wordpress-thumbs/2020/02/3234-3234.webp,640,480,0.043
3109,2019-a godina na našem portalu...,2019-a-godina-na-nasem-portalu,novosti/2019-a-godina-na-nasem-portalu.html,Novosti,24.01.2020.,https://sovelebit.wordpress.com/wp-content/uploads/2020/01/1.-od-kuda-su-nas-sve-posjetili.jpg,2020/01/1.-od-kuda-su-nas-sve-posjetili.jpg,0.198,assets/legacy-wordpress-featured/2020/01/3109-2019-a-godina-na-nasem-portalu.webp,1600,1089,0.031,assets/legacy-wordpress-thumbs/2020/01/3109-2019-a-godina-na-nasem-portalu.webp,640,435,0.007
3082,Izborna skupština SOV,izborna-skupstina-sov,novosti/izborna-skupstina-sov.html,Novosti,21.01.2020.,https://sovelebit.wordpress.com/wp-content/uploads/2020/01/20200117_195821.jpg,2020/01/20200117_195821.jpg,1.58,assets/legacy-wordpress-featured/2020/01/3082-izborna-skupstina-sov.webp,895,1600,0.097,assets/legacy-wordpress-thumbs/2020/01/3082-izborna-skupstina-sov.webp,358,640,0.021
3051,50. Zagrebačka speleološka škola,50-zagrebacka-speleoloska-skola,novosti/50-zagrebacka-speleoloska-skola.html,Novosti,20.01.2020.,https://sovelebit.wordpress.com/wp-content/uploads/2020/01/15_45-speleoskola.jpg,2020/01/15_45-speleoskola.jpg,0.373,assets/legacy-wordpress-featured/2020/01/3051-50-zagrebacka-speleoloska-skola.webp,1000,750,0.19,assets/legacy-wordpress-thumbs/2020/01/3051-50-zagrebacka-speleoloska-skola.webp,640,480,0.071
3036,NOVI VELEBITEN!,novi-velebiten-2,novosti/novi-velebiten-2.html,Novosti,21.11.2019.,https://sovelebit.wordpress.com/wp-content/uploads/2019/11/velebiten-br-53.jpg,2019/11/velebiten-br-53.jpg,0.893,assets/legacy-wordpress-featured/2019/11/3036-novi-velebiten-2.webp,1166,1600,0.087,assets/legacy-wordpress-thumbs/2019/11/3036-novi-velebiten-2.webp,466,640,0.013
3013,Radne akcije na Ratkovom skloništu,radne-akcije-na-ratkovom-sklonistu,novosti/radne-akcije-na-ratkovom-sklonistu.html,Novosti,30.10.2019.,https://sovelebit.wordpress.com/wp-content/uploads/2019/10/1_ratkovo-2019..jpg,2019/10/1_ratkovo-2019..jpg,0.61,assets/legacy-wordpress-featured/2019/10/3013-radne-akcije-na-ratkovom-sklonistu.webp,1600,900,0.148,assets/legacy-wordpress-thumbs/2019/10/3013-radne-akcije-na-ratkovom-sklonistu.webp,640,360,0.027
2856,Eisriesenwelt: Divovski ledeni svijet,divovski-ledeni-svijet,novosti/divovski-ledeni-svijet.html,Putopisi,16.10.2019.,https://sovelebit.wordpress.com/wp-content/uploads/2019/10/3_eiswerfen-2019_hotel-u-kojem-smo-se-smjestili-odmah-pod-tennenom.jpg,2019/10/3_eiswerfen-2019_hotel-u-kojem-smo-se-smjestili-odmah-pod-tennenom.jpg,2.096,assets/legacy-wordpress-featured/2019/10/2856-divovski-ledeni-svijet.webp,1600,758,0.184,assets/legacy-wordpress-thumbs/2019/10/2856-divovski-ledeni-svijet.webp,640,303,0.025
2741,"Speleološka ekspedicija SOV - ""KINA 1988.""",speleoloska-ekspedicija-sov-kina-1988,novosti/speleoloska-ekspedicija-sov-kina-1988.html,Putopisi,09.10.2019.,https://sovelebit.wordpress.com/wp-content/uploads/2019/10/naslovna-kina-1988_b.jpg,2019/10/naslovna-kina-1988_b.jpg,1.396,assets/legacy-wordpress-featured/2019/10/2741-speleoloska-ekspedicija-sov-kina-1988.webp,1600,1373,0.665,assets/legacy-wordpress-thumbs/2019/10/2741-speleoloska-ekspedicija-sov-kina-1988.webp,640,549,0.053
2719,Jama Nedam - nova hrvatska tisućica!,jama-nedam-nova-hrvatska-tisucica,novosti/jama-nedam-nova-hrvatska-tisucica.html,Istraživanja,19.09.2019.,https://sovelebit.wordpress.com/wp-content/uploads/2019/09/nedam-13-15-9-2019.-marijan-sutlovic487-mak-sedmak-slaven-boban-i-darko-troha.jpg,2019/09/nedam-13-15-9-2019.-marijan-sutlovic487-mak-sedmak-slaven-boban-i-darko-troha.jpg,2.158,assets/legacy-wordpress-featured/2019/09/2719-jama-nedam-nova-hrvatska-tisucica.webp,1600,1200,0.166,assets/legacy-wordpress-thumbs/2019/09/2719-jama-nedam-nova-hrvatska-tisucica.webp,640,480,0.031
2700,Nedam blizu -1000!,2700,novosti/2700.html,Istraživanja,06.09.2019.,https://sovelebit.wordpress.com/wp-content/uploads/2019/09/kamen2.jpg,2019/09/kamen2.jpg,0.671,assets/legacy-wordpress-featured/2019/09/2700-2700.webp,1600,776,0.14,assets/legacy-wordpress-thumbs/2019/09/2700-2700.webp,640,310,0.034
2651,"""Nedam"" je pokleknula",nedam-je-pokleknula,novosti/nedam-je-pokleknula.html,Istraživanja,27.06.2019.,https://sovelebit.wordpress.com/wp-content/uploads/2019/06/1.nacrt-jame-nedam.jpg,2019/06/1.nacrt-jame-nedam.jpg,0.081,assets/legacy-wordpress-featured/2019/06/2651-nedam-je-pokleknula.webp,605,1181,0.024,assets/legacy-wordpress-thumbs/2019/06/2651-nedam-je-pokleknula.webp,327,640,0.008
2639,Mandelaja,mandelaja,novosti/mandelaja.html,Istraživanja,17.06.2019.,https://sovelebit.wordpress.com/wp-content/uploads/2019/06/mandelaja_1.jpg,2019/06/mandelaja_1.jpg,1.933,assets/legacy-wordpress-featured/2019/06/2639-mandelaja.webp,1068,1600,0.491,assets/legacy-wordpress-thumbs/2019/06/2639-mandelaja.webp,427,640,0.09
2615,T2 - ili kako to Mađari rade,t2-ili-kako-to-madari-rade,novosti/t2-ili-kako-to-madari-rade.html,Putopisi,20.05.2019.,https://sovelebit.wordpress.com/wp-content/uploads/2019/05/3.-t2-logo.jpeg,2019/05/3.-t2-logo.jpeg,0.169,assets/legacy-wordpress-featured/2019/05/2615-t2-ili-kako-to-madari-rade.webp,1600,508,0.027,assets/legacy-wordpress-thumbs/2019/05/2615-t2-ili-kako-to-madari-rade.webp,640,203,0.01
2598,Interview: Marko Rakovac,interview-marko-rakovac,novosti/interview-marko-rakovac.html,Razno,19.05.2019.,https://sovelebit.wordpress.com/wp-content/uploads/2019/05/akcija-spac5a1avanja-unesrec487enog-speleologa-u-jami-riesending-njemac48dka-2014-.jpg,2019/05/akcija-spac5a1avanja-unesrec487enog-speleologa-u-jami-riesending-njemac48dka-2014-.jpg,0.101,assets/legacy-wordpress-featured/2019/05/2598-interview-marko-rakovac.webp,960,720,0.095,assets/legacy-wordpress-thumbs/2019/05/2598-interview-marko-rakovac.webp,640,480,0.044
2549,Nova podzemljarska generacija,2549,novosti/2549.html,Speleoškola,15.05.2019.,https://sovelebit.wordpress.com/wp-content/uploads/2019/05/5.jpg,2019/05/5.jpg,0.139,assets/legacy-wordpress-featured/2019/05/2549-2549.webp,960,720,0.161,assets/legacy-wordpress-thumbs/2019/05/2549-2549.webp,640,480,0.076
2443,Izlet speleoškole na Ponorac,izlet-speleoskole-na-ponorac,novosti/izlet-speleoskole-na-ponorac.html,Novosti,03.05.2019.,https://sovelebit.wordpress.com/wp-content/uploads/2019/05/ponorac_8.jpg,2019/05/ponorac_8.jpg,1.59,assets/legacy-wordpress-featured/2019/05/2443-izlet-speleoskole-na-ponorac.webp,1200,1600,0.494,assets/legacy-wordpress-thumbs/2019/05/2443-izlet-speleoskole-na-ponorac.webp,480,640,0.071
2429,SPELEOLOGIJA - 2. izdanje!,speleologija-2-izdanje,novosti/speleologija-2-izdanje.html,Novosti,16.04.2019.,https://sovelebit.wordpress.com/wp-content/uploads/2019/04/speleologija013.jpg,2019/04/speleologija013.jpg,1.648,assets/legacy-wordpress-featured/2019/04/2429-speleologija-2-izdanje.webp,1185,1600,0.185,assets/legacy-wordpress-thumbs/2019/04/2429-speleologija-2-izdanje.webp,474,640,0.024
2391,Tounjčica speleoronjenjem spojena sa Špiljom u kamenolomu Tounj,tounjcica-speleoronjenjem-spojena-sa-spiljom-u-kamenolomu-tounj,novosti/tounjcica-speleoronjenjem-spojena-sa-spiljom-u-kamenolomu-tounj.html,Istraživanja,01.04.2019.,https://sovelebit.wordpress.com/wp-content/uploads/2019/04/tounjc48dica-i-mamutovo-2019..jpg,2019/04/tounjc48dica-i-mamutovo-2019..jpg,1.043,assets/legacy-wordpress-featured/2019/04/2391-tounjcica-speleoronjenjem-spojena-sa-spiljom-u-kamenolomu-tounj.webp,1600,695,0.179,assets/legacy-wordpress-thumbs/2019/04/2391-tounjcica-speleoronjenjem-spojena-sa-spiljom-u-kamenolomu-tounj.webp,640,278,0.035
2357,Velebitaši opet u Panjkovom ponoru,kaos-u-krslji,novosti/kaos-u-krslji.html,Novosti,29.03.2019.,https://sovelebit.wordpress.com/wp-content/uploads/2019/03/sustav-panjkov-ponor-krc5a1lje.jpg,2019/03/sustav-panjkov-ponor-krc5a1lje.jpg,0.859,assets/legacy-wordpress-featured/2019/03/2357-kaos-u-krslji.webp,1600,1064,0.108,assets/legacy-wordpress-thumbs/2019/03/2357-kaos-u-krslji.webp,640,425,0.025
2339,Mora li svaki izlet biti speleološki da bi bio dobar?,mora-li-svaki-izlet-biti-speleoloski-da-bi-bio-dobar,novosti/mora-li-svaki-izlet-biti-speleoloski-da-bi-bio-dobar.html,Putopisi,26.03.2019.,https://sovelebit.wordpress.com/wp-content/uploads/2019/03/lic48dke-pric48de_2.jpg,2019/03/lic48dke-pric48de_2.jpg,0.907,assets/legacy-wordpress-featured/2019/03/2339-mora-li-svaki-izlet-biti-speleoloski-da-bi-bio-dobar.webp,1600,1066,0.187,assets/legacy-wordpress-thumbs/2019/03/2339-mora-li-svaki-izlet-biti-speleoloski-da-bi-bio-dobar.webp,640,426,0.02
2320,Samo pedalaj,samo-pedalaj,novosti/samo-pedalaj.html,Novosti,21.03.2019.,https://sovelebit.wordpress.com/wp-content/uploads/2019/03/1_samo-pedalaj.jpg,2019/03/1_samo-pedalaj.jpg,0.516,assets/legacy-wordpress-featured/2019/03/2320-samo-pedalaj.webp,1600,1200,0.174,assets/legacy-wordpress-thumbs/2019/03/2320-samo-pedalaj.webp,640,480,0.042
2257,Godišnja skupština SO Velebit,godisnja-skupstina-so-velebit,novosti/godisnja-skupstina-so-velebit.html,Novosti,01.03.2019.,https://sovelebit.wordpress.com/wp-content/uploads/2019/03/skupc5a1tina-2019-escobarov-pouc48dak-tajnic48dko-izvjec5a1c487e-1.jpg,2019/03/skupc5a1tina-2019-escobarov-pouc48dak-tajnic48dko-izvjec5a1c487e-1.jpg,2.001,assets/legacy-wordpress-featured/2019/03/2257-godisnja-skupstina-so-velebit.webp,1200,1600,0.198,assets/legacy-wordpress-thumbs/2019/03/2257-godisnja-skupstina-so-velebit.webp,480,640,0.038
2241,GAMEBOSKOP - iz zafrkancije u legendu,gameboskop-iz-zafrkancije-u-legendu,novosti/gameboskop-iz-zafrkancije-u-legendu.html,Putopisi,04.02.2019.,https://sovelebit.wordpress.com/wp-content/uploads/2019/02/sudionici-ekspedicije-grenland-1971.-u-logoru-ispod-ingolsfjelda-hrvoje-lukatela-branko-c5a0eparovic487-jerko-kirigin-nenad-c48culic487-vladimir-mesaric487-marijan-c48cepelak-i-dolfi-rot.jpg,2019/02/sudionici-ekspedicije-grenland-1971.-u-logoru-ispod-ingolsfjelda-hrvoje-lukatela-branko-c5a0eparovic487-jerko-kirigin-nenad-c48culic487-vladimir-mesaric487-marijan-c48cepelak-i-dolfi-rot.jpg,0.078,assets/legacy-wordpress-featured/2019/02/2241-gameboskop-iz-zafrkancije-u-legendu.webp,600,414,0.075,assets/legacy-wordpress-thumbs/2019/02/2241-gameboskop-iz-zafrkancije-u-legendu.webp,600,414,0.062
2226,Izložba fotografija PDS Velebit,izlozba-fotografija-pds-velebit,novosti/izlozba-fotografija-pds-velebit.html,Novosti,21.01.2019.,https://sovelebit.wordpress.com/wp-content/uploads/2019/01/marjan-prpić_baške-oštarije_velebit.jpg,2019/01/marjan-prpić_baške-oštarije_velebit.jpg,0.995,assets/legacy-wordpress-featured/2019/01/2226-izlozba-fotografija-pds-velebit.webp,1600,809,0.193,assets/legacy-wordpress-thumbs/2019/01/2226-izlozba-fotografija-pds-velebit.webp,640,323,0.025
2197,Čudna šuma,2197,novosti/2197.html,Istraživanja,21.01.2019.,https://sovelebit.wordpress.com/wp-content/uploads/2019/01/14a_prvi-i-nažalost-jedini-te-bivši-hrvatski-speleološki-dom.jpg,2019/01/14a_prvi-i-nažalost-jedini-te-bivši-hrvatski-speleološki-dom.jpg,1.232,assets/legacy-wordpress-featured/2019/01/2197-2197.webp,1600,1200,0.278,assets/legacy-wordpress-thumbs/2019/01/2197-2197.webp,640,480,0.043
2173,Nova Godina u Kiti ili Netko nas sabotira,nova-godina-u-kiti-ili-netko-nas-sabotira,novosti/nova-godina-u-kiti-ili-netko-nas-sabotira.html,Istraživanja,08.01.2019.,https://sovelebit.wordpress.com/wp-content/uploads/2019/01/0_pripreme-za-ulazak-u-jamu.jpg,2019/01/0_pripreme-za-ulazak-u-jamu.jpg,1.389,assets/legacy-wordpress-featured/2019/01/2173-nova-godina-u-kiti-ili-netko-nas-sabotira.webp,1600,1200,0.354,assets/legacy-wordpress-thumbs/2019/01/2173-nova-godina-u-kiti-ili-netko-nas-sabotira.webp,640,480,0.059
2165,49. ZAGREBAČKA SPELEOLOŠKA ŠKOLA,49-zagrebacka-speleoloska-skola,novosti/49-zagrebacka-speleoloska-skola.html,Novosti,08.01.2019.,https://sovelebit.wordpress.com/wp-content/uploads/2019/01/speleološka-škola-so-pds-velebit-2019.jpg,2019/01/speleološka-škola-so-pds-velebit-2019.jpg,1.464,assets/legacy-wordpress-featured/2019/01/2165-49-zagrebacka-speleoloska-skola.webp,1131,1600,0.151,assets/legacy-wordpress-thumbs/2019/01/2165-49-zagrebacka-speleoloska-skola.webp,452,639,0.024
2135,Crtice sa Skupa speleologa Hrvatske,crtice-sa-skupa,novosti/crtice-sa-skupa.html,Novosti,26.11.2018.,https://sovelebit.wordpress.com/wp-content/uploads/2018/11/skup-speleologa_dodjela-nagrada-za-najbolju-speleoloc5a1ku-fotografiju.jpg,2018/11/skup-speleologa_dodjela-nagrada-za-najbolju-speleoloc5a1ku-fotografiju.jpg,0.24,assets/legacy-wordpress-featured/2018/11/2135-crtice-sa-skupa.webp,1600,1200,0.07,assets/legacy-wordpress-thumbs/2018/11/2135-crtice-sa-skupa.webp,640,480,0.016
2111,Balada o slušnom aparatiću i usponu na Mont Blanc (2. dio),balada-o-slusnom-aparaticu-i-usponu-na-mont-blanc-2-dio,novosti/balada-o-slusnom-aparaticu-i-usponu-na-mont-blanc-2-dio.html,Putopisi,22.11.2018.,https://sovelebit.wordpress.com/wp-content/uploads/2018/11/foto-15-dalek-je-put-do-tete-rousse.jpg,2018/11/foto-15-dalek-je-put-do-tete-rousse.jpg,2.216,assets/legacy-wordpress-featured/2018/11/2111-balada-o-slusnom-aparaticu-i-usponu-na-mont-blanc-2-dio.webp,1600,1066,0.376,assets/legacy-wordpress-thumbs/2018/11/2111-balada-o-slusnom-aparaticu-i-usponu-na-mont-blanc-2-dio.webp,640,426,0.05
2100,Otvaranjem dviju izložbi počeo tjedan speleologije u Ogulinu,2100,novosti/2100.html,Novosti,20.11.2018.,https://sovelebit.wordpress.com/wp-content/uploads/2018/11/dalibor-paar-sov.jpg,2018/11/dalibor-paar-sov.jpg,1.923,assets/legacy-wordpress-featured/2018/11/2100-2100.webp,1600,1066,0.113,assets/legacy-wordpress-thumbs/2018/11/2100-2100.webp,640,426,0.026
2071,Balada o slušnom aparatiću i usponu na Mont Blanc (1. dio),balada-o-slusnom-aparaticu-i-usponu-na-mont-blanc-1-dio,novosti/balada-o-slusnom-aparaticu-i-usponu-na-mont-blanc-1-dio.html,Putopisi,15.11.2018.,https://sovelebit.wordpress.com/wp-content/uploads/2018/11/foto-1-prikaz-drame-na-freney-pillar-1961.jpg,2018/11/foto-1-prikaz-drame-na-freney-pillar-1961.jpg,0.11,assets/legacy-wordpress-featured/2018/11/2071-balada-o-slusnom-aparaticu-i-usponu-na-mont-blanc-1-dio.webp,500,625,0.092,assets/legacy-wordpress-thumbs/2018/11/2071-balada-o-slusnom-aparaticu-i-usponu-na-mont-blanc-1-dio.webp,500,625,0.076
2055,Šešeljevac,seseljevac,novosti/seseljevac.html,Istraživanja,05.11.2018.,https://sovelebit.wordpress.com/wp-content/uploads/2018/11/konj-a-u-pozadini-teren-od-interesa.jpg,2018/11/konj-a-u-pozadini-teren-od-interesa.jpg,0.619,assets/legacy-wordpress-featured/2018/11/2055-seseljevac.webp,1199,1600,0.154,assets/legacy-wordpress-thumbs/2018/11/2055-seseljevac.webp,479,640,0.035
2033,Istraživanje pod Meduzom (KG_DP),istrazivanje-pod-meduzom-kg-dp,novosti/istrazivanje-pod-meduzom-kg-dp.html,Istraživanja,01.11.2018.,https://sovelebit.wordpress.com/wp-content/uploads/2018/11/prec48dka-u-nove-dijelove_foto-m-rakovac.jpg,2018/11/prec48dka-u-nove-dijelove_foto-m-rakovac.jpg,0.449,assets/legacy-wordpress-featured/2018/11/2033-istrazivanje-pod-meduzom-kg-dp.webp,1064,1600,0.148,assets/legacy-wordpress-thumbs/2018/11/2033-istrazivanje-pod-meduzom-kg-dp.webp,425,640,0.026
2023,Izlet na Glogovo,izlet-na-glogovo,novosti/izlet-na-glogovo.html,Istraživanja,01.11.2018.,https://sovelebit.wordpress.com/wp-content/uploads/2018/11/donja-cerovac48dka-a-bakc5a1ic487.jpg,2018/11/donja-cerovac48dka-a-bakc5a1ic487.jpg,0.578,assets/legacy-wordpress-featured/2018/11/2023-izlet-na-glogovo.webp,1200,1599,0.128,assets/legacy-wordpress-thumbs/2018/11/2023-izlet-na-glogovo.webp,480,640,0.026
2014,Šestorka u Bunjevcu (Bunovcu),sestorka-u-bunjevcu-bunovcu,novosti/sestorka-u-bunjevcu-bunovcu.html,Istraživanja,23.10.2018.,https://sovelebit.wordpress.com/wp-content/uploads/2018/10/na-ulazu-foto-marko-rakovac.jpg,2018/10/na-ulazu-foto-marko-rakovac.jpg,0.163,assets/legacy-wordpress-featured/2018/10/2014-sestorka-u-bunjevcu-bunovcu.webp,640,480,0.1,assets/legacy-wordpress-thumbs/2018/10/2014-sestorka-u-bunjevcu-bunovcu.webp,640,480,0.081
1988,"Vježba ""Zagreb 2018.""",vjezba-zagreb-2018,novosti/vjezba-zagreb-2018.html,Novosti,22.10.2018.,https://sovelebit.wordpress.com/wp-content/uploads/2018/10/vjec5beba-zagreb-2018_-foto-marko-prpic487.jpeg,2018/10/vjec5beba-zagreb-2018_-foto-marko-prpic487.jpeg,0.296,assets/legacy-wordpress-featured/2018/10/1988-vjezba-zagreb-2018.webp,1532,1080,0.275,assets/legacy-wordpress-thumbs/2018/10/1988-vjezba-zagreb-2018.webp,640,451,0.06
1972,Međunarodna speleospasilačka vježba u Skalarjevom breznu,medunarodna-speleospasilacka-vjezba-u-skalarjevom-breznu,novosti/medunarodna-speleospasilacka-vjezba-u-skalarjevom-breznu.html,Novosti,01.10.2018.,https://sovelebit.wordpress.com/wp-content/uploads/2018/10/brezno_1.jpg,2018/10/brezno_1.jpg,0.662,assets/legacy-wordpress-featured/2018/10/1972-medunarodna-speleospasilacka-vjezba-u-skalarjevom-breznu.webp,1600,1200,0.168,assets/legacy-wordpress-thumbs/2018/10/1972-medunarodna-speleospasilacka-vjezba-u-skalarjevom-breznu.webp,640,480,0.027
1961,Puna Kita iskustva,kita-u-rujnu,novosti/kita-u-rujnu.html,Istraživanja,26.09.2018.,https://sovelebit.wordpress.com/wp-content/uploads/2018/09/makova-povezanost-s-kuhinjom.jpg,2018/09/makova-povezanost-s-kuhinjom.jpg,0.436,assets/legacy-wordpress-featured/2018/09/1961-kita-u-rujnu.webp,1500,1124,0.119,assets/legacy-wordpress-thumbs/2018/09/1961-kita-u-rujnu.webp,640,479,0.029
1943,Fosilijada 2018.,fosilijada-2018,novosti/fosilijada-2018.html,Novosti,13.09.2018.,https://sovelebit.wordpress.com/wp-content/uploads/2018/09/ali-pjesma-ne-posustaje.jpg,2018/09/ali-pjesma-ne-posustaje.jpg,0.179,assets/legacy-wordpress-featured/2018/09/1943-fosilijada-2018.webp,1600,1200,0.065,assets/legacy-wordpress-thumbs/2018/09/1943-fosilijada-2018.webp,640,480,0.014
1927,Plava jakna,plava-jakna,novosti/plava-jakna.html,Putopisi,23.05.2018.,https://sovelebit.wordpress.com/wp-content/uploads/2018/05/lijec48dnica-gigliola-mancinelli.jpeg,2018/05/lijec48dnica-gigliola-mancinelli.jpeg,0.133,assets/legacy-wordpress-featured/2018/05/1927-plava-jakna.webp,640,480,0.078,assets/legacy-wordpress-thumbs/2018/05/1927-plava-jakna.webp,640,480,0.063
1922,Glazba i kamenje: nemogući razgovori?,glazba-i-kamenje-nemoguci-razgovori,novosti/glazba-i-kamenje-nemoguci-razgovori.html,Razno,22.05.2018.,https://sovelebit.wordpress.com/wp-content/uploads/2018/05/1_kameni-timpani-u-adiosu.jpg,2018/05/1_kameni-timpani-u-adiosu.jpg,0.988,assets/legacy-wordpress-featured/2018/05/1922-glazba-i-kamenje-nemoguci-razgovori.webp,1109,1600,0.205,assets/legacy-wordpress-thumbs/2018/05/1922-glazba-i-kamenje-nemoguci-razgovori.webp,443,640,0.033
1903,Prvo pa Kita.,prvo-pa-kita,novosti/prvo-pa-kita.html,Istraživanja,03.05.2018.,https://sovelebit.wordpress.com/wp-content/uploads/2018/05/kita-35_-gunslinger-girls.jpg,2018/05/kita-35_-gunslinger-girls.jpg,1.414,assets/legacy-wordpress-featured/2018/05/1903-prvo-pa-kita.webp,1600,649,0.135,assets/legacy-wordpress-thumbs/2018/05/1903-prvo-pa-kita.webp,640,259,0.027
1871,Završila 48. zagrebačka speleološka škola,zavrsila-48-zagrebacka-speleoloska-skola,novosti/zavrsila-48-zagrebacka-speleoloska-skola.html,Novosti,26.04.2018.,https://sovelebit.wordpress.com/wp-content/uploads/2018/04/481.jpg,2018/04/481.jpg,0.135,assets/legacy-wordpress-featured/2018/04/1871-zavrsila-48-zagrebacka-speleoloska-skola.webp,1440,1080,0.106,assets/legacy-wordpress-thumbs/2018/04/1871-zavrsila-48-zagrebacka-speleoloska-skola.webp,640,480,0.023
1850,IN MEMORIAM Zoran Stipetić – Patak (1960. – 1996.),in-memoriam-zoran-stipetic-patak-1960-1996,novosti/in-memoriam-zoran-stipetic-patak-1960-1996.html,Novosti,15.03.2018.,https://sovelebit.wordpress.com/wp-content/uploads/2018/03/zoran-stipetic487-patak_.jpg,2018/03/zoran-stipetic487-patak_.jpg,0.05,assets/legacy-wordpress-featured/2018/03/1850-in-memoriam-zoran-stipetic-patak-1960-1996.webp,182,383,0.007,assets/legacy-wordpress-thumbs/2018/03/1850-in-memoriam-zoran-stipetic-patak-1960-1996.webp,182,383,0.006
1840,Četvrti tjedan planinarstva i penjanja u Sloveniji,cetvrti-tjedan-planinarstva-i-penjanja-u-sloveniji,novosti/cetvrti-tjedan-planinarstva-i-penjanja-u-sloveniji.html,Novosti,11.03.2018.,https://sovelebit.wordpress.com/wp-content/uploads/2018/03/img_0579.jpg,2018/03/img_0579.jpg,0.667,assets/legacy-wordpress-featured/2018/03/1840-cetvrti-tjedan-planinarstva-i-penjanja-u-sloveniji.webp,1600,1200,0.133,assets/legacy-wordpress-thumbs/2018/03/1840-cetvrti-tjedan-planinarstva-i-penjanja-u-sloveniji.webp,640,480,0.025
1825,Zimska posla,zimska-posla,novosti/zimska-posla.html,Novosti,06.03.2018.,https://sovelebit.wordpress.com/wp-content/uploads/2018/03/avantura-poc48dinje.jpg,2018/03/avantura-poc48dinje.jpg,0.502,assets/legacy-wordpress-featured/2018/03/1825-zimska-posla.webp,1200,1600,0.17,assets/legacy-wordpress-thumbs/2018/03/1825-zimska-posla.webp,480,640,0.024
1813,Održana godišnja skupština SOV,odrzana-godisnja-skupstina-sov,novosti/odrzana-godisnja-skupstina-sov.html,Novosti,06.03.2018.,https://sovelebit.wordpress.com/wp-content/uploads/2018/03/novo-vodstvo-sov-a.jpg,2018/03/novo-vodstvo-sov-a.jpg,0.075,assets/legacy-wordpress-featured/2018/03/1813-odrzana-godisnja-skupstina-sov.webp,1024,768,0.058,assets/legacy-wordpress-thumbs/2018/03/1813-odrzana-godisnja-skupstina-sov.webp,640,480,0.023
1807,Održani ispiti za stjecanje naziva Speleolog,odrzani-ispiti-za-stjecanje-naziva-speleolog,novosti/odrzani-ispiti-za-stjecanje-naziva-speleolog.html,Novosti,30.01.2018.,https://sovelebit.wordpress.com/wp-content/uploads/2018/01/novi-speleolozi-2018.jpg,2018/01/novi-speleolozi-2018.jpg,3.833,assets/legacy-wordpress-featured/2018/01/1807-odrzani-ispiti-za-stjecanje-naziva-speleolog.webp,1600,1120,0.218,assets/legacy-wordpress-thumbs/2018/01/1807-odrzani-ispiti-za-stjecanje-naziva-speleolog.webp,640,448,0.045
1797,Upisi na 48. Zagrebačku speleološku školu,upisi-na-48-zagrebacku-speleolosku-skolu,novosti/upisi-na-48-zagrebacku-speleolosku-skolu.html,Novosti,23.01.2018.,https://sovelebit.wordpress.com/wp-content/uploads/2018/01/speleoloc5a1ka-c5a1kola-so-velebit_2018.jpg,2018/01/speleoloc5a1ka-c5a1kola-so-velebit_2018.jpg,1.362,assets/legacy-wordpress-featured/2018/01/1797-upisi-na-48-zagrebacku-speleolosku-skolu.webp,1056,1600,0.528,assets/legacy-wordpress-thumbs/2018/01/1797-upisi-na-48-zagrebacku-speleolosku-skolu.webp,422,640,0.06
1769,Doček Nove u Kiti,docek-nove-u-kiti,novosti/docek-nove-u-kiti.html,Novosti,04.01.2018.,https://sovelebit.wordpress.com/wp-content/uploads/2018/01/zvonimir.jpg,2018/01/zvonimir.jpg,0.436,assets/legacy-wordpress-featured/2018/01/1769-docek-nove-u-kiti.webp,1200,1600,0.135,assets/legacy-wordpress-thumbs/2018/01/1769-docek-nove-u-kiti.webp,480,640,0.03
1754,Vikend u Zračku nade II,vikend-u-zracku-nade-ii,novosti/vikend-u-zracku-nade-ii.html,Novosti,17.12.2017.,https://sovelebit.wordpress.com/wp-content/uploads/2017/12/6-curke-u-kastvu.jpg,2017/12/6-curke-u-kastvu.jpg,0.688,assets/legacy-wordpress-featured/2017/12/1754-vikend-u-zracku-nade-ii.webp,1008,1600,0.156,assets/legacy-wordpress-thumbs/2017/12/1754-vikend-u-zracku-nade-ii.webp,403,640,0.025
1704,128. istraživanje Kite iliti 34.282 m,128-istrazivanje-kite-iliti-34-282-m,novosti/128-istrazivanje-kite-iliti-34-282-m.html,Istraživanja,11.12.2017.,https://sovelebit.wordpress.com/wp-content/uploads/2017/12/edo.jpg,2017/12/edo.jpg,0.019,assets/legacy-wordpress-featured/2017/12/1704-128-istrazivanje-kite-iliti-34-282-m.webp,294,314,0.012,assets/legacy-wordpress-thumbs/2017/12/1704-128-istrazivanje-kite-iliti-34-282-m.webp,294,314,0.009
1674,Kako smo se (dobro) proveli na Skupu speleologa 2017.,kako-smo-se-dobro-proveli-na-skupu-speleologa,novosti/kako-smo-se-dobro-proveli-na-skupu-speleologa.html,Novosti,29.11.2017.,https://sovelebit.wordpress.com/wp-content/uploads/2017/11/ukrcaj-robe-i-putnika.jpg,2017/11/ukrcaj-robe-i-putnika.jpg,0.615,assets/legacy-wordpress-featured/2017/11/1674-kako-smo-se-dobro-proveli-na-skupu-speleologa.webp,1600,1200,0.241,assets/legacy-wordpress-thumbs/2017/11/1674-kako-smo-se-dobro-proveli-na-skupu-speleologa.webp,640,480,0.049
1648,Hrtići u Beogradu,hrtici-u-beogradu,novosti/hrtici-u-beogradu.html,Novosti,28.11.2017.,https://sovelebit.wordpress.com/wp-content/uploads/2017/11/beogradskim-ulicama-a-bakc5a1ic487.jpg,2017/11/beogradskim-ulicama-a-bakc5a1ic487.jpg,0.607,assets/legacy-wordpress-featured/2017/11/1648-hrtici-u-beogradu.webp,1200,1600,0.203,assets/legacy-wordpress-thumbs/2017/11/1648-hrtici-u-beogradu.webp,480,640,0.034
1588,Bavarski dvorci na Velebitaški način,bavarski-dvorci-na-velebitaski,novosti/bavarski-dvorci-na-velebitaski.html,Putopisi,21.11.2017.,https://sovelebit.wordpress.com/wp-content/uploads/2017/11/1-jezero-elbsee-d-c5a1panja.jpg,2017/11/1-jezero-elbsee-d-c5a1panja.jpg,0.583,assets/legacy-wordpress-featured/2017/11/1588-bavarski-dvorci-na-velebitaski.webp,1600,899,0.248,assets/legacy-wordpress-thumbs/2017/11/1588-bavarski-dvorci-na-velebitaski.webp,640,359,0.033
1571,Svi putevi vode u Burinku,svi-putevi-vode-u-burinku,novosti/svi-putevi-vode-u-burinku.html,Novosti,08.11.2017.,https://sovelebit.wordpress.com/wp-content/uploads/2017/11/dscn3114.jpg,2017/11/dscn3114.jpg,0.747,assets/legacy-wordpress-featured/2017/11/1571-svi-putevi-vode-u-burinku.webp,1600,1200,0.148,assets/legacy-wordpress-thumbs/2017/11/1571-svi-putevi-vode-u-burinku.webp,640,480,0.02
1503,Tri gracije u bočnom kanalu,tri-gracije-u-bocnom-kanalu,novosti/tri-gracije-u-bocnom-kanalu.html,Istraživanja,30.10.2017.,https://sovelebit.wordpress.com/wp-content/uploads/2017/10/adios-jesenski-pogled-iz-amfiteatra-d-c5a1panja.jpg?w=225,2017/10/adios-jesenski-pogled-iz-amfiteatra-d-c5a1panja.jpg,0.759,assets/legacy-wordpress-featured/2017/10/1503-tri-gracije-u-bocnom-kanalu.webp,1200,1600,0.331,assets/legacy-wordpress-thumbs/2017/10/1503-tri-gracije-u-bocnom-kanalu.webp,480,640,0.045
1473,"""Usrani"" izlet u Đulu-Medvedicu",usrani-izlet-u-dulu-medvedicu,novosti/usrani-izlet-u-dulu-medvedicu.html,Novosti,29.10.2017.,https://sovelebit.wordpress.com/wp-content/uploads/2017/10/gimlijev-prolaz.jpg,2017/10/gimlijev-prolaz.jpg,0.475,assets/legacy-wordpress-featured/2017/10/1473-usrani-izlet-u-dulu-medvedicu.webp,1600,1200,0.173,assets/legacy-wordpress-thumbs/2017/10/1473-usrani-izlet-u-dulu-medvedicu.webp,640,480,0.037
1433,Nas tri same,nas-tri-same,novosti/nas-tri-same.html,Istraživanja,24.10.2017.,https://sovelebit.wordpress.com/wp-content/uploads/2017/10/norvec5beanka-ana-bakc5a1ic487.jpg?w=225,2017/10/norvec5beanka-ana-bakc5a1ic487.jpg,0.864,assets/legacy-wordpress-featured/2017/10/1433-nas-tri-same.webp,1200,1600,0.411,assets/legacy-wordpress-thumbs/2017/10/1433-nas-tri-same.webp,480,640,0.07
1382,Oprosti za kung-fu,oprosti-za-kung-fu,novosti/oprosti-za-kung-fu.html,Novosti,23.10.2017.,https://sovelebit.wordpress.com/wp-content/uploads/2017/10/1-da-ne-bi-prifalilo.jpg,2017/10/1-da-ne-bi-prifalilo.jpg,15.366,assets/legacy-wordpress-featured/2017/10/1382-oprosti-za-kung-fu.webp,1600,1066,0.228,assets/legacy-wordpress-thumbs/2017/10/1382-oprosti-za-kung-fu.webp,640,426,0.046
1350,Kitarenje u prozi,kitarenje-u-prozi,novosti/kitarenje-u-prozi.html,Novosti,20.10.2017.,https://sovelebit.wordpress.com/wp-content/uploads/2017/10/kitarenje-u-listopadu_kruc5beok-oko-stola.jpg,2017/10/kitarenje-u-listopadu_kruc5beok-oko-stola.jpg,0.922,assets/legacy-wordpress-featured/2017/10/1350-kitarenje-u-prozi.webp,1600,1200,0.148,assets/legacy-wordpress-thumbs/2017/10/1350-kitarenje-u-prozi.webp,640,480,0.024
1239,Promocija knjige Speleologija,promocija-knjige-speleologija,novosti/promocija-knjige-speleologija.html,Novosti,26.09.2017.,https://sovelebit.wordpress.com/wp-content/uploads/2017/09/speleologija_900_700_withoutgrow.jpg,2017/09/speleologija_900_700_withoutgrow.jpg,0.13,assets/legacy-wordpress-featured/2017/09/1239-promocija-knjige-speleologija.webp,525,700,0.082,assets/legacy-wordpress-thumbs/2017/09/1239-promocija-knjige-speleologija.webp,480,640,0.053
1153,Kiše i sunčanice,kise-i-suncanice,novosti/kise-i-suncanice.html,Istraživanja,21.09.2017.,https://sovelebit.wordpress.com/wp-content/uploads/2017/09/adios_iskrcavanjeu-blato-pod-lipovac48dom.jpg,2017/09/adios_iskrcavanjeu-blato-pod-lipovac48dom.jpg,0.539,assets/legacy-wordpress-featured/2017/09/1153-kise-i-suncanice.webp,1600,1200,0.169,assets/legacy-wordpress-thumbs/2017/09/1153-kise-i-suncanice.webp,640,480,0.031
1120,Muda ipak nisu nalik Kiti,muda-ipak-nisu-nalik-kiti,novosti/muda-ipak-nisu-nalik-kiti.html,Novosti,30.08.2017.,https://sovelebit.wordpress.com/wp-content/uploads/2017/08/muda-i-sov-2017_atmosfera-u-logoru-na-mudima.jpg,2017/08/muda-i-sov-2017_atmosfera-u-logoru-na-mudima.jpg,1.565,assets/legacy-wordpress-featured/2017/08/1120-muda-ipak-nisu-nalik-kiti.webp,1600,1068,0.252,assets/legacy-wordpress-thumbs/2017/08/1120-muda-ipak-nisu-nalik-kiti.webp,640,427,0.045
1027,Kako sam planinario u Visokim Tatrima,kako-sam-planinario-u-visokim-tatrima,novosti/kako-sam-planinario-u-visokim-tatrima.html,Novosti,18.07.2017.,https://sovelebit.wordpress.com/wp-content/uploads/2017/07/erasmus-plus-program.jpg,2017/07/erasmus-plus-program.jpg,0.187,assets/legacy-wordpress-featured/2017/07/1027-kako-sam-planinario-u-visokim-tatrima.webp,804,335,0.029,assets/legacy-wordpress-thumbs/2017/07/1027-kako-sam-planinario-u-visokim-tatrima.webp,640,266,0.017
1004,Slovačka 2017. - izvještaj,slovacka-2017-izvjestaj,novosti/slovacka-2017-izvjestaj.html,Novosti,13.07.2017.,https://sovelebit.wordpress.com/wp-content/uploads/2017/07/slovac48dka-2017_istrac5beivanje-u-limbo-kanalu.jpg,2017/07/slovac48dka-2017_istrac5beivanje-u-limbo-kanalu.jpg,0.493,assets/legacy-wordpress-featured/2017/07/1004-slovacka-2017-izvjestaj.webp,1600,1200,0.094,assets/legacy-wordpress-thumbs/2017/07/1004-slovacka-2017-izvjestaj.webp,640,480,0.02
951,Njegov tata je imao kuburu,njegov-tata-je-imao-kuburu,novosti/njegov-tata-je-imao-kuburu.html,Putopisi,19.06.2017.,https://sovelebit.wordpress.com/wp-content/uploads/2017/06/filac1.jpg,2017/06/filac1.jpg,0.44,assets/legacy-wordpress-featured/2017/06/951-njegov-tata-je-imao-kuburu.webp,885,672,0.065,assets/legacy-wordpress-thumbs/2017/06/951-njegov-tata-je-imao-kuburu.webp,640,485,0.029
850,Maroko u mom oku,maroko-u-mom-oku,novosti/maroko-u-mom-oku.html,Novosti,15.06.2017.,https://sovelebit.wordpress.com/wp-content/uploads/2017/06/maroko-u-mojim-oc48dima_balkanci-na-milanskom-aerodromu.jpg,2017/06/maroko-u-mojim-oc48dima_balkanci-na-milanskom-aerodromu.jpg,0.343,assets/legacy-wordpress-featured/2017/06/850-maroko-u-mom-oku.webp,1080,810,0.128,assets/legacy-wordpress-thumbs/2017/06/850-maroko-u-mom-oku.webp,640,480,0.044
819,Nove SOV majice!,nove-sov-majice,novosti/nove-sov-majice.html,Novosti,15.06.2017.,https://sovelebit.wordpress.com/wp-content/uploads/2017/06/c5beenska-used-rasberry.jpg,2017/06/c5beenska-used-rasberry.jpg,0.119,assets/legacy-wordpress-featured/2017/06/819-nove-sov-majice.webp,1024,1430,0.029,assets/legacy-wordpress-thumbs/2017/06/819-nove-sov-majice.webp,458,640,0.008
767,Velebitaški hipiji na Cvjetnom,velebitaski-hipiji-na-cvjetnom,novosti/velebitaski-hipiji-na-cvjetnom.html,Novosti,07.06.2017.,https://sovelebit.wordpress.com/wp-content/uploads/2017/06/cest_11.jpg,2017/06/cest_11.jpg,0.07,assets/legacy-wordpress-featured/2017/06/767-velebitaski-hipiji-na-cvjetnom.webp,233,267,0.015,assets/legacy-wordpress-thumbs/2017/06/767-velebitaski-hipiji-na-cvjetnom.webp,233,267,0.012
747,Pseće muke po Glogovu,psece-muke-po-glogovu,novosti/psece-muke-po-glogovu.html,Uncategorized,06.06.2017.,https://sovelebit.wordpress.com/wp-content/uploads/2017/06/glogovski-pejzac5be-2.jpg,2017/06/glogovski-pejzac5be-2.jpg,0.331,assets/legacy-wordpress-featured/2017/06/747-psece-muke-po-glogovu.webp,1600,1066,0.164,assets/legacy-wordpress-thumbs/2017/06/747-psece-muke-po-glogovu.webp,640,426,0.023
736,Slovačka jama 2017.,slovacka-jama-2017,novosti/slovacka-jama-2017.html,Novosti,06.06.2017.,https://sovelebit.wordpress.com/wp-content/uploads/2017/06/baner_slovacka_2017.jpg,2017/06/baner_slovacka_2017.jpg,0.138,assets/legacy-wordpress-featured/2017/06/736-slovacka-jama-2017.webp,1080,551,0.046,assets/legacy-wordpress-thumbs/2017/06/736-slovacka-jama-2017.webp,640,326,0.021
726,Ekspedicija Rožanski kukovi 2017.,ekspedicija-rozanski-kukovi-2017,novosti/ekspedicija-rozanski-kukovi-2017.html,Novosti,06.06.2017.,https://sovelebit.wordpress.com/wp-content/uploads/2017/06/roc5beanski-kukovi-okomita_fj.jpg,2017/06/roc5beanski-kukovi-okomita_fj.jpg,0.063,assets/legacy-wordpress-featured/2017/06/726-ekspedicija-rozanski-kukovi-2017.webp,354,544,0.01,assets/legacy-wordpress-thumbs/2017/06/726-ekspedicija-rozanski-kukovi-2017.webp,354,544,0.008
234,Brezno rumenega maka,brezno-rumenega-maka,novosti/brezno-rumenega-maka.html,Putopisi,23.05.2017.,https://sovelebit.wordpress.com/wp-content/uploads/2017/05/na-vrhu-c5beic48dare-u-bovcu-s-lijeva-na-desno_-c5a1pela-borko-marko-rakovac-marijan-sutlovic487-aleksandra-privc5a1ek-tomac5be-kranjc-foto_-matic-di-batista.jpg,2017/05/na-vrhu-c5beic48dare-u-bovcu-s-lijeva-na-desno_-c5a1pela-borko-marko-rakovac-marijan-sutlovic487-aleksandra-privc5a1ek-tomac5be-kranjc-foto_-matic-di-batista.jpg,4.177,assets/legacy-wordpress-featured/2017/05/234-brezno-rumenega-maka.webp,1600,1200,0.26,assets/legacy-wordpress-thumbs/2017/05/234-brezno-rumenega-maka.webp,640,480,0.04
542,47. zagrebačka speleoškola,47-zagrebacka-speleoskola,novosti/47-zagrebacka-speleoskola.html,Speleoškola,20.05.2017.,https://sovelebit.wordpress.com/wp-content/uploads/2017/05/1bc.jpg?w=207,2017/05/1bc.jpg,0.248,assets/legacy-wordpress-featured/2017/05/542-47-zagrebacka-speleoskola.webp,715,1036,0.071,assets/legacy-wordpress-thumbs/2017/05/542-47-zagrebacka-speleoskola.webp,441,640,0.028
798,Prvi izlet nakon škole (a nema Luke da sastavi tekst),prvi-izlet-nakon-skole-a-nema-luke-da-sastavi-tekst,novosti/prvi-izlet-nakon-skole-a-nema-luke-da-sastavi-tekst.html,Istraživanja,20.05.2017.,https://sovelebit.wordpress.com/wp-content/uploads/2017/06/1_ratkovo-sklonic5a1te-foto-nikolina-buljan.jpg,2017/06/1_ratkovo-sklonic5a1te-foto-nikolina-buljan.jpg,0.165,assets/legacy-wordpress-featured/2017/06/798-prvi-izlet-nakon-skole-a-nema-luke-da-sastavi-tekst.webp,960,574,0.194,assets/legacy-wordpress-thumbs/2017/06/798-prvi-izlet-nakon-skole-a-nema-luke-da-sastavi-tekst.webp,640,382,0.063
540,46. zagrebačka speleoškola,46-zagrebacka-speleoskola,novosti/46-zagrebacka-speleoskola.html,Speleoškola,20.05.2016.,https://sovelebit.wordpress.com/wp-content/uploads/2017/05/46_speleoskola_andrija.jpg?w=154,2017/05/46_speleoskola_andrija.jpg,0.277,assets/legacy-wordpress-featured/2017/05/540-46-zagrebacka-speleoskola.webp,676,1320,0.103,assets/legacy-wordpress-thumbs/2017/05/540-46-zagrebacka-speleoskola.webp,327,640,0.026
676,Rokina bezdana - ispit speleološke škole 2015.,rokina-bezdana-ispit-speleoloske-skole-2015,novosti/rokina-bezdana-ispit-speleoloske-skole-2015.html,Speleoškola,22.04.2015.,https://sovelebit.wordpress.com/wp-content/uploads/2017/06/na-hladnom-u-drvarnici.jpg,2017/06/na-hladnom-u-drvarnici.jpg,0.089,assets/legacy-wordpress-featured/2017/06/676-rokina-bezdana-ispit-speleoloske-skole-2015.webp,640,960,0.078,assets/legacy-wordpress-thumbs/2017/06/676-rokina-bezdana-ispit-speleoloske-skole-2015.webp,426,640,0.036
538,45. zagrebačka speleoškola,45-zagrebacka-speleoskola,novosti/45-zagrebacka-speleoskola.html,Speleoškola,20.04.2015.,https://sovelebit.wordpress.com/wp-content/uploads/2017/05/45_speleoskola_marin.jpg?w=169,2017/05/45_speleoskola_marin.jpg,0.055,assets/legacy-wordpress-featured/2017/05/538-45-zagrebacka-speleoskola.webp,540,960,0.048,assets/legacy-wordpress-thumbs/2017/05/538-45-zagrebacka-speleoskola.webp,360,640,0.022
656,Gorsko zrcalo nekad i danas,gorsko-zrcalo-nekad-i-danas,novosti/gorsko-zrcalo-nekad-i-danas.html,Razno,30.03.2015.,https://sovelebit.wordpress.com/wp-content/uploads/2017/06/gorsko-zrcalo-e28093-speleoloc5a1ka-c5a1kola-2015-foto_-marjan-prpicc487-luka.jpg,2017/06/gorsko-zrcalo-e28093-speleoloc5a1ka-c5a1kola-2015-foto_-marjan-prpicc487-luka.jpg,0.163,assets/legacy-wordpress-featured/2017/06/656-gorsko-zrcalo-nekad-i-danas.webp,720,960,0.182,assets/legacy-wordpress-thumbs/2017/06/656-gorsko-zrcalo-nekad-i-danas.webp,480,640,0.058
649,1959. Prvo ronjenje u špilji u Hrvatskoj,1959-prvo-ronjenje-u-spilji-u-hrvatskoj,novosti/1959-prvo-ronjenje-u-spilji-u-hrvatskoj.html,Istraživanja,18.02.2015.,https://sovelebit.wordpress.com/wp-content/uploads/2017/06/veternica-e28093-hrvoje-malinar-kod-sifonskog-jezera-1959.jpg,2017/06/veternica-e28093-hrvoje-malinar-kod-sifonskog-jezera-1959.jpg,0.798,assets/legacy-wordpress-featured/2017/06/649-1959-prvo-ronjenje-u-spilji-u-hrvatskoj.webp,922,1357,0.102,assets/legacy-wordpress-thumbs/2017/06/649-1959-prvo-ronjenje-u-spilji-u-hrvatskoj.webp,434,640,0.023
601,Sa snijegom u noći u Avatar ću poći,sa-snijegom-u-noci-u-avatar-cu-poci,novosti/sa-snijegom-u-noci-u-avatar-cu-poci.html,Istraživanja,31.10.2014.,https://sovelebit.wordpress.com/wp-content/uploads/2014/10/avatar_nacrt_c5a1mida.jpg,2014/10/avatar_nacrt_c5a1mida.jpg,0.08,assets/legacy-wordpress-featured/2014/10/601-sa-snijegom-u-noci-u-avatar-cu-poci.webp,709,1080,0.034,assets/legacy-wordpress-thumbs/2014/10/601-sa-snijegom-u-noci-u-avatar-cu-poci.webp,420,640,0.015
